Customer,Site Name,Contact Name,Phone Number,Mobile Number,Fax Number,Email Address,Address Street,Address City,Address Region,Address Postal Code,Address Country,Custom 1,Custom 2,Custom 3,Custom 4,Archived
Accor,Mantra Jollimont,,,,,,133 Jolimont Road,East Melbourne,Victoria,3002,Australia,,,,,No
Accor,Olsen Hotel South Yarra,,,,,,637 Chapel Street,South Yarra,Victoria,3141,Australia,,,,,No
"Ace Body Corp - Aspendale","4-6 Florence Street, Mentone",,,,,,"4-6 Florence Street",Mentone,Victoria,3194,Australia,,,,,No
"Ace Body Corp - Aspendale",602 Bonbeach,Matthew Dodd,03 8586 1300,,,"matthew.dodd@acebcm.com.au",602 Nepean Highway,Bonbeach,Victoria,3196,Australia,,,,,No
"Ace Body Corp - Balwyn North",422 Gaffney St,Robert Edge,03 9239 3100,,,"robert.e@acebodycorp.com.au",422 Gaffney Street,Pascoe Vale,Victoria,3044,Australia,,,,,No
"ACE Body Corp - Brighton","181-183 Brighton Rd, Elwood",Vince,03 9503 0778,0408 552 133,,"brighton@acebodycorporate.com.au","181-183 Brighton Road",Elwood,Victoria,3184,Australia,,,,,No
"ACE Body Corp - Brighton","2 Leman Cres, Noble Park",Vince Jayaratne,03 9503 0778,0408 552 133,,"brighton@acebodycorp.com.au",2 Leman Crescent,Noble Park,Victoria,3174,Australia,,,,,No
"ACE Body Corp - Brighton","2 Leman Cres, Noble Park (1)",,,,,,2 Leman Crescent,Noble Park,Victoria,3174,Australia,,,,,No
"ACE Body Corp - Brighton",23 Whitmuir Rd,Vince Jayaratne,03 9503 0778,0408 552 133,03 9503 0772,"brighton@acebodycorp.com.au",23 Whitmuir Road,Bentleigh,Victoria,3204,Australia,,,,,No
"ACE Body Corp - Brighton",28 Black Street,,,,,,28 Black Street,Brighton,Victoria,3186,Australia,,,,,No
"ACE Body Corp - Brighton",29 Lewisham Road,,,,,,29 Lewisham Road,Windsor,Victoria,3181,Australia,,,,,No
"ACE Body Corp - Brighton",34 Thames Promenade,Renee Lee Burton,,0433 281 231,,"renee_burton@hotmail.com",34 Thames Promenade,Chelsea,Victoria,3196,Australia,,,,,No
"ACE Body Corp - Brighton","49 Osborne Avenue, Glen Iris",,,0402 822 650,,"palmer.jan9@gmail.com",,,,,,,,,,No
"ACE Body Corp - Brighton",529 Police Road,,,,,,529 Police Road,Mulgrave,Victoria,3170,Australia,,,,,No
"ACE Body Corp - Brighton","5-7 French Street, Noble Park",,,,,"brighton@acebodycorp.com.au","5-7 French Street",Noble Park,Victoria,3174,Australia,,,,,No
"ACE Body Corp - Brighton","85 Michael St, Bentleigh",,,,,,,,,,,,,,,No
"ACE Body Corp - Brighton","85 Micthell St, Bentleigh",,,,,,,,,,,,,,,No
"ACE Body Corp - Brighton",Cheltenham,Vince,,0408 552 133,,"brighton@acebodycorp.com.au",4 Blagdon Street,Cheltenham,Victoria,3192,Australia,,,,,No
"ACE Body Corp - Brighton",Darling St,Vince,0413 248 564,0408 552 133,,"brighton@acebodycorp.com.au",34 Darling Street,South Yarra,Victoria,3141,Australia,,,,,No
"ACE Body Corp - Brighton",Hampton East,,,,,"brighton@acebodycorp.com.au",1 King Street,Hampton East,Victoria,3188,Australia,,,,,No
"ACE Body Corp - Brighton",Small St,Vince,0408 552 133,0408 552 133,,"brighton@acebodycorp.com.au",4 Small Street,Hampton,Victoria,3188,Australia,,,,,No
"ACE Body Corp - Brighton",St Kilda East,Vince Jayaratne,03 9503 0778,0408 552 133,03 9503 0772,"brighton@acebodycorp.com.au",65 Westbury Street,St Kilda East,Victoria,3183,Australia,,,,,No
"Ace Body Corp - Carlton","203-225 Cardigan Street",,,,,,,,,,,,,,,No
"Ace Body Corp - Carlton","404 Cardigan St, Carlton",Alfredo Ng,03 9696 6161,,,"carlton@acebodycorp.com.au",404 Cardigan Street,Carlton,Victoria,3053,Australia,,,,,No
"Ace Body Corp - Consulting","16 The Corso, PARKDALE , VIC, Australia, 3195",,,0407 507 596,,"savoiar@bigpond.net.au",16 The Corso,Parkdale,Victoria,3195,Australia,,,,,No
"Ace Body Corp - Consulting","20 Ethel St, Oak Park",,,,,,,,,,,,,,,No
"Ace Body Corp - Consulting",250 Charman Road,,,,,,250 Charman Road,Cheltenham,Victoria,3192,Australia,,,,,No
"Ace Body Corp - Consulting",44 Alexander Street,,,,,,44 Alexander Street,Avondale Heights,Victoria,3034,Australia,,,,,No
"Ace Body Corp - Consulting",9 Pascoe Street,,,,,,9 Pascoe Street,Pascoe Vale,Victoria,3044,Australia,,,,,No
"Ace Body Corp - Doncaster Heights","36-40 Hennessy Way",Danni Staley,9855 9905,,,"outereastern@acebodycorp.com.au","36-40 Hennessy Way",Dandenong North,Victoria,3175,Australia,,,,,No
"Ace Body Corp - Doncaster Heights","36-40 Hennessy Way, Dandenong North",Danni Staley,03 9855 9905,,,"outereastern@acebodycorp.com.au","36-40 Hennessy Way",Dandenong North,Victoria,3175,Australia,,,,,No
"Ace Body Corp - Doncaster Heights",443 Dorset Road,Danni Stanley,03 9855 9905,,,"outereastern@acebodycorp.com.au",443 Dorset Road,Croydon,Victoria,3136,Australia,,,,,No
"Ace Body Corp - Port Melbourne","20 Ethel St, Oak Park",Emily Mackintosh,"+61 3 8586 1300",,,"emily.mackintosh@acebcm.com.au",20 Ethel Street,Oak Park,Victoria,3046,Australia,,,,,No
"Ace Body Corp - Port Melbourne","Ethel St, Oak Park",,,,,,,,,,,,,,,No
"Ace Body Corporate Management - Collingwood",u10/5 St David Street,,,,,,,,,,,,,,,No
Ace Body Corporate Management Croydon & Dandenong,8 Monteith Crescent,,,,,,8 Monteith Crescent,Endeavour Hills,Victoria,3802,Australia,,,,,No
Adam Saad,Queens Rd,,,,,,,,,,,,,,,No
Adam Sorrell,Adam Sorrell's House,Adam Sorrell,,0438769921,,"adam.sorrell@obre.com.au",1 Dianella Way,Lysterfield,Victoria,3156,Australia,,,,"21/2 - Acknowledgement Email",No
Adrian Doensen,27 James Milne Drive,,,,,,27 James Milne Drive,Croydon North,Victoria,3136,Australia,,,,,No
Adrian Doensen,Ronald Road,,,,,,2/18 Ronald Road,Croydon,Victoria,3136,Australia,,,,,No
Adrian Moran,Site  Address ,Adrian,,,,,4 Main Street,Elsternwick,Victoria,3185,Australia,,,,,No
Advanced Strata Consulting,23 St Georges Road Armadale,SinYi Teoh,03 8693 0888,,,"sinyi@advancestrataconsulting.com.au",23 Saint Georges Road,Armadale,Victoria,3143,Australia,,,,,No
Advanced Strata Consulting,33 Neptune Street St Kilda,,,,,,33 Neptune Street,St Kilda,Victoria,3182,Australia,,,,,No
Advanced Strata Consulting,"348 Bay Road, Cheltenham",Sinyi Teoh,03 8639 0888,,,"sinyi@advancestrataconsulting.com.au",348 Bay Road,Cheltenham,Victoria,3192,Australia,,Email,,"05/29 - RS",No
Advanced Strata Consulting,414 Doncaster Road Doncaster,,,,,,414 Doncaster Road,Doncaster,Victoria,3108,Australia,,,,,No
AE Gibson & Co,"24-26 Beckett Street, Glenroy",Joanne Little,03 9306 0255,,03 9306 9448,"reception@aegibson.com.au",1/24 Glen Street,Glenroy,Victoria,3046,Australia,,,,,No
AE Gibson & Co,Becket Street South,"Tenant - Katherine Wong",,0415 154 651,,,"1/24-26 Becket Street South",Glenroy,Victoria,3046,Australia,,,,,No
Agostini Homes Pty Ltd,Agostini Homes Pty Ltd,Trent Agostini,,0478 099 759,,"trent@agostinihomes.com.au",6 Malvern Avenue,Glen Iris,Victoria,3146,Australia,02/08,,,Email,No
Agostini Homes Pty Ltd,Agostini Homes Pty Ltd (1),Trent Agostini,,0478 099 759,,"trent@agostinihomes.com.au",119 Ashworth Street,Albert Park,Victoria,3206,Australia,02/08,,,Email,No
Agostini Homes Pty Ltd,Agostini Homes Pty Ltd (2),Trent Agostini,,0478 099 759,,"trent@agostinihomes.com.au",61 Vears Road,Glen Iris,Victoria,3146,Australia,02/08,,,Email,No
Air Control,"Ilim College - Kiewa Campus",,,,,,,,,,,,,,,No
Alan Mance Motors Group,Brighton,Allan Mance Motors,,0418 316 832,,,,,,,,,,,,No
All Smiles,Sorrento Ocean Beach Wedding Venue,,,,,"pyper@allsmiles.com.au",250 Ocean Beach Road,Sorrento,Victoria,3943,Australia,,,,,No
Alpha14 Property Group,"670 Chapel Street, South Yarra",,,,,,,,,,,,,,,No
ALS Global,5 Hill Street,,,,,,5 Hill Street,Park Orchards,Victoria,3114,Australia,,,,,No
AMPA Constructions,"United - Rowville",,,,,,1215 Stud Road,Rowville,Victoria,3178,Australia,,,,,No
Anthony Raso,"1/392 Scoresby Road, Ferntree Gully",,,,,,1/392 Scoresby Road,Ferntree Gully,Victoria,3156,Australia,,,,,No
Anthony Ziehl,"4/96 Grange Rd, Alphington",,,,,,4/96 Alphington Street,Alphington,Victoria,3078,Australia,,,,,No
APMG Painting,Alma Rd Stkilda,,,,,,43 alma rd st kilda ,,,,,,,,,No
APMG Painting,Teresa Hughes,,0409 774 622,,,"tcmhughes@gmail.com",15 Rose Street,Bentleigh,Victoria,3204,Australia,,,,,No
APMG Painting Services Pty Ltd,"4 Abbey Court, Ringwood",,,,,,4 Abbey Court,Ringwood,Victoria,3134,Australia,,,,,No
APMG Painting Services Pty Ltd,GoodStart Albury,,,,,,670/674 Banff Avenue,Albury,New South Wales,2640,Australia,,,,,No
ARA Building Services,Collins Street ,,,,,,162 Collins Street,Melbourne,Victoria,3000,Australia,,,,,No
ARA Building Services,"Gucci store-david jones",,,,,,310 Bourke Street,Melbourne,Victoria,3000,Australia,,,,,No
ARA Building Services,"Monash Uni - Clayton",,,,,,,,,,,,,,,No
ARA Building Services,Westfield Fountain Gate,,,,,,"22-55 Overland Drive",Narre Warren,Victoria,3805,Australia,,,,,No
ARA Building Services,Westfield Southland,,,,,,,,,,,,,,,No
Aruna Rajakaruna,"28-30 THOMAS STREET RINGWOOD",Aruna,,,,,"28-30 Thomas Street",Ringwood,Victoria,3134,Australia,,,,,No
Aspire Early Education & Kindergarten,"Aspire Early Education & Kindergarten -  Clydevale","Carol-Ann Harrison",,0413 464 191,,"Carol-Ann.h@aspireearlyeducation.vic.edu.au",17 Welsummer Drive,Clyde North,Victoria,3978,Australia,,,,,No
Aspire Early Education & Kindergarten,"Aspire Early Education & Kindergarten - Riverfield","Carol-Ann Harrison",,0413 464 191,,"Carol-Ann.h@aspireearlyeducation.vic.edu.au",5S Riverland Road,Clyde,Victoria,3978,Australia,,,,,No
Aspire Early Education & Kindergarten,Aspire Early Education & Kindergarten Smith's Lane,,,,,,12 Scholtz Drive,Clyde North,Victoria,3978,Australia,,,,,No
ATG Projects,Brunswick Street Oval Precinct,Morgan Cross,,0400 474 661,,"estimating.vic@atgprojects.com.au",,Fitzroy North,Victoria,3068,Australia,,,,,No
ATG Projects,Longwarry Sports Pavilion,,,,,,Collett Street,Longwarry,Victoria,3816,Australia,,,,,No
ATG Projects,Seymour Community Wellbeing Hub,Morgan Cross,,0400 474 661,,"estimating.vic@atgprojects.com.au",21 Keith Street,Seymour,Victoria,3660,Australia,,,,,No
Atticus Health (Mark and Sylvie's Home Care),"Patricia Sexton - Dandenong North",Patricia Sexton,,,,,17 Huxley Avenue,Dandenong North,Victoria,3175,Australia,,,,,No
Awthentic Construction,"5 Harwood St, Brighton",Wen,0401 828 238,,,"awthenticconstruction@gmail.com",5 Harwood Street,Brighton,Victoria,3186,Australia,,,,,No
Baker Roofing,9 Southey Street Sandringham,,,,,,,,,,,,,,,No
Barpa Construction Services,Baroona Youth Healing Place,Finlay Hands,,0498 658 886,,"finlay.hands@barpa.com.au",782 Murray Valley Highway,Echuca,Victoria,3564,Australia,,,,,No
Barpa Construction Services,Kilmore SES,,,,,,114 Powlett Street,Kilmore,Victoria,3764,Australia,,,,,No
Barpa Construction Services,VICSES Footscray,Finlay Hands,,0498 658 886,,"Finlay.Hands@barpa.com.au",69 Hampstead Road,Maidstone,Victoria,3012,Australia,,,,,No
Barrina Gardens,Unit 1,Sue ( daughter of owners ),,0422 835 975,,"suerindip@gmail.com",1/26 Barrina Street,Blackburn South,Victoria,3130,Australia,,,,,No
Barrina Gardens,Unit 23,,,,,,23/26 Barrina Street,Blackburn South,Victoria,3130,Australia,,,,,No
Barrina Gardens,Unit 24,,,,,,24/26 Barrina Street,Blackburn South,Victoria,3130,Australia,,,,,No
Barrina Gardens,Unit 42,,,,,,42/26 Barrina Street,Blackburn South,Victoria,3130,Australia,,,,,No
Barrina Gardens,Unit 6,,,,,,6/26 Barrina Street,Blackburn South,Victoria,3130,Australia,,,,,No
Barry Plant,Croydon,,03 9725 9855,,,,44 Main Street,Croydon,Victoria,3136,Australia,,,,,No
Barry Plant,Yarra Glen,,,,,,22 Bell Street Service Road,Yarra Glen,Victoria,3775,Australia,,,,,No
Basis Group,CFA Alexandra,Ying Xu,,0411 553 479,,"Ying.x@basis-group.com.au",2 Shamrock Street,Alexandra,Victoria,3714,Australia,,Email,8/20,"08/13 - RS",No
BCS Melbourne,288 Richardson Street,John Newbold,,0412 200 822,,,288 Richardson Street,Middle Park,Victoria,3206,Australia,,,,,No
Beaumaris Motor Yacht Squadron,Beaumaris Motor Yacht Squadron,,,,,,1 Pelican Quays,Beaumaris,Victoria,3193,Australia,"alex@bmys.com.au",BDM,,"01/23 - AR",No
Beaumont Tiles,135 Atlas Boulevard,,,,,,135 Atlas Boulevard,Dandenong South,Victoria,3175,Australia,,,,,No
Beaumont Tiles,"965 Taylors Road, Dandenong South",,,,,,,,,,,,,,,No
Belle Property Mount Waverley,50/1 Baird Street Mulgrave,,,,,,50/1 Baird Street,Mulgrave,Victoria,3170,Australia,,,,,No
Belle Property Mount Waverley,Unit 1/50 Baird Street Mulgrave,,,,,,50 Baird Street,Mulgrave,Victoria,3170,Australia,,,,,No
BHD Storage Solutions Victoria,Bayswater Job 1,,,,,,899 Mountain Highway,Bayswater,Victoria,3153,Australia,,,,,No
BHD Storage Solutions Victoria,"Fisher & Paykel - Trug",Luke Jackson,,0455 256 269,,"luke@bhdvic.com.au",Vulcan Drive,Truganina,Victoria,3029,Australia,,,,,No
Binks & Associates,10 Commercial Road,,,,,,10 Commercial Road,Mentone,Victoria,3194,Australia,,,,,No
Binks & Associates,18 Riversdale Road,Lachlan,,0403 478 709,,,18 Riversdale Road,Hawthorn,Victoria,3122,Australia,,,,,No
Binks & Associates,6 Wave Street,,,,,,6 Wave Street,Elwood,Victoria,3184,Australia,,,,,No
Binks & Associates,62 Warrigal Road,,,,,,62 Warrigal Road,Mentone,Victoria,3194,Australia,,,,,No
Binks & Associates,88 Grosvenor Street,,,,,,88 Grosvenor Street,Balaclava,Victoria,3183,Australia,,,,,No
Binks & Associates,956 Doncaster Road,,,,,,956 Doncaster Road,Doncaster East,Victoria,3109,Australia,,,,,No
Black Diamond Group,Black Diamond Group,Jake,,,,,42 Sette Circuit,Pakenham,Victoria,3810,Australia,,,,,No
Blair Hudson,19 Carinya rd vermont ,,,,,,,,,,,,,,,No
Blue Rock Construct,72 thorn,,,,,,72 Speight Street,Thornbury,Victoria,3071,Australia,,,,,No
BlueCross Aged Care,AUTUMNDALE,,,,,,13 Eagland Road,Cheltenham,Victoria,3192,Australia,,,,,No
BlueCross Aged Care,Broughtonlea,,,,,,"9-17 Broughton Road",Surrey Hills,Victoria,3127,Australia,,,,,No
BlueCross Aged Care,Gardenia,,,,,,87 Argyle Avenue,Chelsea,Victoria,3196,Australia,,,,,No
BlueCross Aged Care,Westgarth,,0461 514 755,,,"richardp@bluecross.com.au",121/127 Westgarth Street,Northcote,Victoria,3070,Australia,,,,,No
Boongalla Group,BOC Bayswater,,,,,,415 Dorset Road,Bayswater,Victoria,3153,Australia,,,,,No
Boongalla Group,Brunswick Private Hospital,Beks Vatandas,1300 859 629,0417 208 561,,"bvatandas@boongallagroup.com.au",82 Moreland Road,Brunswick,Victoria,3056,Australia,"bvatandas@boongallagroup.com.au",BDM,,,No
Boongalla Group,Coburg West Primary School,Jayden Stafford,1300 859 629,0484 666 887,,"jstafford@boongallagroup.com.au","185-187 Reynard Street",Coburg,Victoria,3058,Australia,,,,,No
Boongalla Group,Lilydale high School,,,,,,25 Melba Avenue,Lilydale,Victoria,3140,Australia,,,,,No
Boongalla Group,Orygen Parkville,,,,,,35 Poplar Road,Parkville,Victoria,3052,Australia,,,,,No
Boxhill Institute,"Box Hill Institute - Whitehorse Campus",Johan Bahari,(03) 9286 9356,0402 229 291,,"johan.bahari@boxhill.edu.au",,,,,,,,,,No
Boxhill Institute,"Box Hill Institute, Elgar Road, Box Hill VIC, Australia",,,,,,465 Elgar Road,Box Hill,Victoria,3128,Australia,,,,,No
Braestone Homes Pty Ltd,179 Flannery Court Warrandyte,Dino Mikolic,,0407 101 303,,"braestonehomes@bigpond.com",179 Flannery Court,Warrandyte,Victoria,3113,Australia,"braestonehomes@bigpond.com",Farbod,,,No
Braestone Homes Pty Ltd,20 Elgin Street Hawthorn ,,,,,,20 Elgin Street,Hawthorn,Victoria,3122,Australia,,,,,No
Braestone Homes Pty Ltd,404 Tooronga Road,,,,,,404 Tooronga Road,Hawthorn East,Victoria,3123,Australia,,,,,No
Braestone Homes Pty Ltd,6 Charles Street,Dino,,,,,6 Charles Street,Hawthorn,Victoria,3122,Australia,03/27,,,,No
"Brant - John Deere","Lilydale - John Deere",Travis,,0477 586 560,,,459 Maroondah Highway,Lilydale,Victoria,3140,Australia,,,,,No
Brian Price,"4/17 Myamyn Street, Armadale",,,,,,4/17 Myamyn Street,Armadale,Victoria,3143,Australia,,,,,No
Bronwen Conway,16 Arunga Drive,,,,,,16 Arunga Drive,Wonga Park,Victoria,3115,Australia,,,,,No
Brotherhood of St Laurence,"160 Gold St, Clifton Hill",,,,,,,,,,,,,,,No
Brotherhood of St Laurence,"27-35 Byron Street",,,,,,"27-35 Byron Street",Footscray,Victoria,3011,Australia,,,,,No
Brotherhood of St Laurence,Ace Hub,Alex Kakafikas,,0419 573 321,,"Alex.Kakafikas@bsl.org.au",2 Overton Road,Frankston,Victoria,3199,Australia,,,,"05/22 - FM",No
Brotherhood of St Laurence,Banksia Carrum Downs,Alex Kakafikas,,0419 573 321,,"Alex.Kakafikas@bsl.org.au",65 William Road,Carrum Downs,Victoria,3201,Australia,,,,"05/22 - FM",No
Brotherhood of St Laurence,Banksia Frankston,,,,,,12 Inglis Avenue,Frankston,Victoria,3199,Australia,,,,"05/22 - FM",No
Brotherhood of St Laurence,Palmer Street,Edward (Ned) Claridge,,0490 303 564,,"edward.claridge@bsl.org.au",74 Palmer Street,Fitzroy,Victoria,3065,Australia,,,,,No
Brotherhood of St Laurence,Royal Arcade,Sol Isaac,,0490 441 092,,"sol.isaac@bsl.org.au",Bourke Street Mall,Melbourne,Victoria,3004,Australia,,,,,No
BuildCare Facilities,Explorers Mt Cottrell,,,,,,55 Goodison Grove,Mount Cottrell,Victoria,3024,Australia,,,,,No
Buildcore Group,Lansdowne Street Public Toilets,,,,,,,,,,,,,,,No
Cam Ryan,"16 Beilby St, Bayswater",Cam Ryan,,0468 397 535,,"clrconstructing@gmail.com",16 Beilby Street,Bayswater,Victoria,3153,Australia,,,,"05/04 - RS",No
Capital Alliance,121 King Street,,,,,,121 King Street,Melbourne,Victoria,3000,Australia,,,,,No
Care Park,677 Siddeley Street,,,,,,677 Siddeley Street,Docklands,Victoria,3008,Australia,,,,,No
Carelli Constructions,Catholic Regional College,Zaid Qhadir,,,,,,,,,,,,,,No
Carelli Constructions,Ilim College Doveton Campus,Zaid Qhadir,(03) 8555 0048,,,"zaid.q@carelliconstructions.com.au","25-35 Rowan Drive",Doveton,Victoria,3177,Australia,,,,,No
Carelli Constructions,St Carlo Actus CPS,,,,,,58 Jardin Road,Wollert,Victoria,3750,Australia,,,,,No
Carly Test,AMPG Services,Carly Bullock,,,,"carly@apmgservices.com.au",,,,,,,,,,No
Carmel Spano,Eltham,,,,,,,Eltham,Victoria,3095,Australia,,,,,No
Carol Marriott,"5/164-166 Mt Dandenong Rd, Croydon",Jimmy Kang,03 9725 0000,0419 510 680,,"JellisCraigManninghamMaroondah@email.propertyme.com","5/164-166 Mount Dandenong Road",Croydon,Victoria,3136,Australia,,,,,No
Catherine Loft,"34 Nolans Rd, Napoleons",,,,,,,,,,,,,,,No
CBC GROUP,"I-Med Frankston",Jason Wolk,,,,,19 Hastings Road,Frankston,Victoria,3199,Australia,,,,,No
CBC GROUP,"TK Maxx - Cranbourne",,,,,,125 High Street,Cranbourne,Victoria,3977,Australia,,,,,No
CBC GROUP,"TK Maxx - Werribee",Jason Wolk,,0401150304,,"j.wolk@cbcgroup.com.au",,,,,,,,,,No
CBC GROUP,TK Maxx Broadmeadows,Jason Wolk,1300 222 322,0401 150 304,,"j.wolk@cbcgroup.com.au","1099-1169 Pascoe Vale Road",Broadmeadows,Victoria,3047,Australia,,,,,No
CBRE,10 Wesley Court Burwood East,Karunarathne (He/Him) ANZ,,0458 746 363,,"Shermal.karunarathne@cbre.com",10 Wesley Court,Burwood East,Victoria,3151,Australia,,,,,No
CBRE,18 Harcourt Rd,,,,,,18 Harcourt Road,Altona,Victoria,3018,Australia,,,,,No
CBRE,"399 Palmers Rd, Truganina",,,,,,399 Palmers Road,Truganina,Victoria,3029,Australia,,,,,No
CBRE,"495 Blackburn Rd, Mount Waverley VIC 3149",,,,,,495 Blackburn Road,Glen Waverley,Victoria,3150,Australia,,,,,No
CBRE,55 Southbank,,,,,,55 Southbank Boulevard,Southbank,Victoria,3006,Australia,,,,,No
CBRE,"627 Chapel street, South Yarra,",,,,,,627 Chapel Street,South Yarra,Victoria,3141,Australia,,,,,No
CBRE,85 Buckhurst Street,,,,,,85 Buckhurst Street,South Melbourne,Victoria,3205,Australia,,,,,No
CBRE,"Bank of America, Collins Street",Rhys Speck,,"+61 447 149 329",,"Rhys.Speck@cbre.com.au",l19/120 Collins Street,Melbourne,Victoria,3000,Australia,,,,,No
CBRE,Bank of China,,,,,,"219-225 Swanston Street",Melbourne,Victoria,3000,Australia,,,,,No
CBRE,"Canva - Collingwood",,,,,,,,,,,,,,,No
CBRE,Canva Head office,,,,,,30 Rupert Street,Collingwood,Victoria,3066,Australia,,,,,No
CBRE,CSF 105 Camberwell Road,Penny Simas,,0400 751 567,,"Penny.Simas@cbre.com.au",105 Camberwell Road,Hawthorn East,Victoria,3123,Australia,,,,,No
CBRE,DXC Technology,Rhys Speck,,0447 149 329,,"rhys.speck@cbre.com.au",4 Wesley Court,Burwood East,Victoria,3151,Australia,,,,,No
CBRE,"ExxonMobil - Altona North",,,,,,"420-438 Kororoit Creek Road",Altona North,Victoria,3025,Australia,,,,,No
CBRE,"Genesis - Ringwood Private Hospital",Jane Davidson,,0458 684 159,,"Jane.davidson@cbre.com",36 Mount Dandenong Road,Ringwood East,Victoria,3135,Australia,,,,,No
CBRE,Genesis – St.Vincents.,,,,,,41 Victoria Parade,Fitzroy,Victoria,3065,Australia,,,,,No
CBRE,Genesis Epping,,,,,,230 Cooper Street,Epping,Victoria,3076,Australia,,,,,No
CBRE,Honeywell,,,,,,,,,,,,,,,No
CBRE,IKEA Richmond,Carlton,(03) 8523 2154,0427 510 449,,,630 Victoria Street,Richmond,Victoria,3121,Australia,,,,,No
CBRE,Ikea Springvale,,,,,,917 Princes Highway,Springvale,Victoria,3171,Australia,,,,,No
CBRE,Ilumina Biotech,,1800 775 688,,,,level 3/535 Elizabeth Street,Melbourne,Victoria,3000,Australia,,,,,No
CBRE,"Level 19, 360 Collins Street,  Melbourne, VIC 3000, Australia",,,,,,,,,,,,,,,No
CBRE,"Level 19/120 Collins Street, Melbourne",,,,,,level 19/120 Collins Street,Melbourne,Victoria,3000,Australia,,,,,No
CBRE,Linacre Private Hospital,Tom Carcary,,0402 081 008,,"Tom.Carcary@cbre.com",12 Linacre Road,Hampton,Victoria,3188,Australia,,,,,No
CBRE,Loading Bay of MEL01A,,,,,,,,,,,,,,,No
CBRE,Mobil Yarraville Terminal,Joseph Jatico,,0428 159 833,,"joseph.jatico@exxonmobil.com",29 Francis Street,Spotswood,Victoria,3015,Australia,,,,,No
CBRE,On Store Melbourne Emporium,,,,,,287 Lonsdale Street,Melbourne,Victoria,3000,Australia,,,,,No
CBRE,Peninsula Private Hospital,Rhys Speck,,0447 149 329,,"rhys.speck@cbre.com.au",525 McClelland Drive,Langwarrin,Victoria,3910,Australia,,,,,No
CBRE,See outside Bank of China,Jane Davidson,,0458 684 159,,"Jane.davidson@cbre.com","219-225 Swanston Street",Melbourne,Victoria,3000,Australia,,,,,No
CBRE,SGS,"Rhian Manfre - POC",0428 632 158,,,,10/585 Blackburn Road,Notting Hill,Victoria,3168,Australia,,,,,No
CBRE,Siemens Bayswater,Rhys Speck,,0447 149 329,,"Rhys.Speck@cbre.com.au",885 Mountain Highway,Bayswater,Victoria,3153,Australia,,,,,No
CBRE,SS&C,Mohammad Chowdhury,0477 978 058,,,,800 Bourke Street,Docklands,Victoria,3008,Australia,,,,,No
CBRE,Stack Infrastructure,Rhys Speck,,0447 149 329,,"rhys.speck@cbre.com.au",,,,,,,,,,No
CBRE,West Melbourne,,,,,,,,,,,,,,,No
CBRE,WPP,Thiagu,,0455288104,,,380 Saint Kilda Road,St Kilda,Victoria,3182,Australia,,,,,No
CBRE,WPP (1),Pam Carvalho,,0458 759 784,,"Jane.davidson@cbre.com",2 Freshwater Place,Southbank,Victoria,3006,Australia,,,,,No
CDN Constructors Pty Ltd,"100 Caroline St, South Yarra",,,,,,100 Caroline Street,South Yarra,Victoria,3141,Australia,,,,,No
CDR Group,"Pickle Street, Port Melbourne",,,,,,129 Pickles Street,Port Melbourne,Victoria,3207,Australia,,,,,No
Centro Concepts,Punthill Flinders Lane,,,,,,267 Flinders Lane,Melbourne,Victoria,3000,Australia,,,,,No
Centro Concepts,Quest Pahran,,,,,,9 Balmoral Street,South Yarra,Victoria,3141,Australia,,,,,No
Centro Concepts,Quest Sanctuary Lakes,,,,,,9 Greg Norman Drive,Point Cook,Victoria,3030,Australia,,,,,No
Centro Concepts,Quest St Kilda Road,Patrick Ryan,,0409 666 982,,"patrick.ryan@centroconcepts.com",478 Saint Kilda Road,Melbourne,Victoria,3004,Australia,,,,,No
Choklits Child Care,Croydon,,,,,,374 Maroondah Highway,Croydon,Victoria,3136,Australia,,,,,No
Choklits Child Care,Surrey Hills,Dominic Barker,,0413 814 082,,,764 Canterbury Road,Surrey Hills,Victoria,3127,Australia,,,,,No
Chris Brooke,"1/4 Deavey Court, Altona",,,,,,,,,,,,,,,No
Chris Brooke,"24 Chauvel St, Reservoir",,,,,,24 Chauvel Street,Reservoir,Victoria,3073,Australia,,,,,No
Chris Brooke,"8 Laverton St, Williamstown",,,,,,8 Laverton Street,Williamstown,Victoria,3016,Australia,,,,,No
Chris Brooke,"9 Tussock Link, Wyndham",,,,,,9 Tussock Link,Wyndham Vale,Victoria,3024,Australia,,,,,No
Chris Brooke,Glen Orden Reserve,,,,,,"53-57 Kookaburra Avenue",Werribee,Victoria,3030,Australia,,,,,No
Chris Norbury,Erowal,Chris Norbury,0459 454 172,0459 454 172,,"chris.norbury@city-holdings.com.au",23 Erowal Street,Beaumaris,Victoria,3192,Australia,,,05/30,,No
Christine Durham,27 de Blonay Crescent,,,,,,27 De Blonay Crescent,Greensborough,Victoria,3088,Australia,,,,,No
City Integrated Maintenance Services (Aus) Pty Ltd,10 Nexus Court Mulgrave,,,,,,10 Nexus Court,Mulgrave,Victoria,3170,Australia,,,,,No
City Integrated Maintenance Services (Aus) Pty Ltd,"1-3 Roberston Road Toorak",,,,,,"1-3 Robertson Street",Toorak,Victoria,3142,Australia,,,,,No
City Integrated Maintenance Services (Aus) Pty Ltd,174 Victoria Parade East Melbourne,,,,,,174 Victoria Parade,East Melbourne,Victoria,3002,Australia,,,,,No
City Integrated Maintenance Services (Aus) Pty Ltd,20 Cato Street Hawthorn,,,,,,,,,,,,,,,No
City Integrated Maintenance Services (Aus) Pty Ltd,3 Ascot Street Malvern,Tom Hartlett,,0439 213 634,,,3 Ascot Street,Malvern,Victoria,3144,Australia,,,,,No
City Integrated Maintenance Services (Aus) Pty Ltd,32 Grange Road Toorak,,,,,,32 Grange Road,Toorak,Victoria,3142,Australia,,,,,No
City Integrated Maintenance Services (Aus) Pty Ltd,35 Park Lane,Chris Norbury,,,,,,,,,,,,,,No
City Integrated Maintenance Services (Aus) Pty Ltd,Admin Port Melbourne Office,Kerrie Batikas,03 9825 7703,,,"kbatikas@goodstart.org.au","Unit 7, 350 Bridge Street",Port Melbourne,Victoria,3207,Australia,,,,,No
City Integrated Maintenance Services (Aus) Pty Ltd,"Affinity - Aussie Kindies Keilor 4018AEG",Simon Malone (FM),(03) 9390 7500,0455 889 095,,"keilor@aussiekindies.com.au",890 Old Calder Highway,Keilor,Victoria,3036,Australia,"keilor@aussiekindies.com.au",CityFM,,,No
City Integrated Maintenance Services (Aus) Pty Ltd,"Affinity - Kids Academy Bulleen 4047AEG",Simon Malone (FM),(03) 7020 5356,0455 889 095,,"bulleen@kidsacademyelc.com.au","54-58 Thompsons Road",Bulleen,Victoria,3105,Australia,"bulleen@kidsacademyelc.com.au",CityFM,,,No
City Integrated Maintenance Services (Aus) Pty Ltd,"Affinity - Kids Academy Clayton 4046AEG",Simon Malone (FM),03 7020 5352,0455 889 095,,"clayton@kidsacademyelc.com.au",2125 Dandenong Road,Clayton,Victoria,3168,Australia,"clayton@kidsacademyelc.com.au",CityFM,,,No
City Integrated Maintenance Services (Aus) Pty Ltd,"Affinity - Kids Academy Craigieburn 4062AEG",Simon Malone (FM),(03) 8362 9760,0455 889 095,,"craigieburn@kidsacademyelc.com.au",162 Elevation Boulevard,Craigieburn,Victoria,3064,Australia,"craigieburn@kidsacademyelc.com.au",CityFM,,,No
City Integrated Maintenance Services (Aus) Pty Ltd,"Affinity - Kids Academy Kensington 4049AEG",Simon Malone (FM),(03) 7020 5350,0455 889 095,,"kensington@kidsacademyelc.com.au",64 Stubbs Street,Kensington,Victoria,3031,Australia,"kensington@kidsacademyelc.com.au",CityFM,,,No
City Integrated Maintenance Services (Aus) Pty Ltd,"Affinity - Kids Academy Phillip 9007AEG",Simon Malone (FM),02 80171617,0455 889 095,,"phillip@kidsacademyelc.com.au",50 Launceston Street,Phillip,Australian Capital Territory,2606,Australia,"phillip@kidsacademyelc.com.au",CityFM,,,No
City Integrated Maintenance Services (Aus) Pty Ltd,"Affinity - Kids Academy Point Cook 4064AEG",Simon Malone (FM),(03) 7300 7105,0455 889 095,,"pointcook@kidsacademyelc.com.au",1 Winterberry Road,Point Cook,Victoria,3030,Australia,"pointcook@kidsacademyelc.com.au",CityFM,,,No
City Integrated Maintenance Services (Aus) Pty Ltd,"Affinity - Kids Academy Wyndham Vale (Ballan Road) 4055AEG",Simon Malone (FM),(03) 8000 6095,0455 889 095,,"wyndhamvale@kidsacademyelc.com.au",151 Ballan Road,Wyndham Vale,Victoria,3024,Australia,"wyndhamvale@kidsacademyelc.com.au",CityFM,,,No
City Integrated Maintenance Services (Aus) Pty Ltd,"Affinity - Milestones Early Learning Bairnsdale - Dawson St Campus 4039AEG",Simon Malone (FM),(03) 5152 6322,0455 889 095,,"bairnsdaledawson@milestones.com.au",64 Dawson Street,Bairnsdale,Victoria,3875,Australia,"bairnsdaledawson@milestones.com.au",CityFM,,,No
City Integrated Maintenance Services (Aus) Pty Ltd,"Affinity - Milestones Early Learning Bairnsdale - Day St Campus 4040AEG",Simon Malone (FM),(03) 5152 6322,0455 889 095,,"bairnsdaleday@milestones.com.au",54 Day Street,Bairnsdale,Victoria,3875,Australia,"bairnsdaleday@milestones.com.au",CityFM,,,No
City Integrated Maintenance Services (Aus) Pty Ltd,"Affinity - Milestones Early Learning Ballan",Simon Malone (FM),03 5368 1665,0455 889 095,,"ballan@milestones.com.au",88a Simpson Street,Ballan,Victoria,3342,Australia,"ballan@milestones.com.au",CityFM,,,No
City Integrated Maintenance Services (Aus) Pty Ltd,"Affinity - Milestones Early Learning Braybrook 4036AEG",Simon Malone (FM),(03) 7068 7797,0455 889 095,,"braybrook@milestones.com.au",97A Hargreaves Crescent,Braybrook,Victoria,3019,Australia,"braybrook@milestones.com.au",CityFM,,,No
City Integrated Maintenance Services (Aus) Pty Ltd,"Affinity - Milestones Early Learning Bundoora 4035AEG",Simon Malone (FM),03 9468 5238,0455 889 095,DO NOT SENT FA TO SITE,"bundoora@milestones.com.au","18-22 Main Drive",Bundoora,Victoria,3083,Australia,"bundoora@milestones.com.au",CityFM,,,No
City Integrated Maintenance Services (Aus) Pty Ltd,"Affinity - Milestones Early Learning Cranbourne North 4034AEG",Simon Malone (FM),0359914116,0455 889 095,,"cranbournenorth@milestones.com.au","78-80 Hoysted Avenue",Cranbourne North,Victoria,3977,Australia,"cranbournenorth@milestones.com.au",CityFM,,,No
City Integrated Maintenance Services (Aus) Pty Ltd,"Affinity - Milestones Early Learning Forest Hill 3083AEG",Simon Malone (FM),02 6922 7293,0455 889 095,,"foresthill@milestones.com.au","58-60 Allonby Avenue",Forest Hill,New South Wales,2651,Australia,"foresthill@milestones.com.au",CityFM,,,No
City Integrated Maintenance Services (Aus) Pty Ltd,"Affinity - Milestones Early Learning Hoppers Crossing 4037AEG",Simon Malone (FM),(03) 7067 8206,0455 889 095,,"hopperscrossing@milestones.com.au",539 Tarneit Road,Hoppers Crossing,Victoria,3029,Australia,"hopperscrossing@milestones.com.au",CityFM,,,No
City Integrated Maintenance Services (Aus) Pty Ltd,"Affinity - Milestones Early Learning Lakes Entrance",Simon Malone (FM),(03) 5155 2566,0455 889 095,,"lakesentrance@milestones.com.au","56-58 Myer Street",Lakes Entrance,Victoria,3909,Australia,"lakesentrance@milestones.com.au",CityFM,,,No
City Integrated Maintenance Services (Aus) Pty Ltd,"Affinity - Milestones Early Learning Point Cook 4022AEG",Simon Malone (FM),(03) 9395 7300,0455 889 095,,"pointcook@milestones.com.au",282 Point Cook Road,Point Cook,Victoria,3030,Australia,"pointcook@milestones.com.au",CityFM,,,No
City Integrated Maintenance Services (Aus) Pty Ltd,"Affinity - Milestones Early Learning Tarneit 4028AEG",Simon Malone (FM),(03) 8754 8653,0455 889 095,,"tarneit@milestones.com.au","345-351 Hogans Road",Tarneit,Victoria,3029,Australia,"tarneit@milestones.com.au",CityFM,,,No
City Integrated Maintenance Services (Aus) Pty Ltd,"Affinity - Milestones Early Learning Werribee 4014AEG",Simon Malone (FM),(03) 9742 2888,0455 889 095,,"werribee@milestones.com.au",81 Ballan Road,Werribee,Victoria,3030,Australia,"werribee@milestones.com.au",CityFM,,,No
City Integrated Maintenance Services (Aus) Pty Ltd,"Affinity - Milestones Early Learning Wyndham Vale 4038AEG",Simon Malone (FM),(03) 9741 0007,0455 889 095,"wyndhamvale@milestones.com.au","wyndhamvale@milestones.com.au",2 Ribblesdale Avenue,Wyndham Vale,Victoria,3024,Australia,"wyndhamvale@milestones.com.au",CityFM,,,No
City Integrated Maintenance Services (Aus) Pty Ltd,"Affinity - Papilio Early Learning Blackburn 4005AEG",Simon Malone (FM),03 9894 1996,0407 197 677,"blackburn@papilio.com.au","blackburn@papilio.com.au",6/195 Whitehorse Road,Blackburn,Victoria,3130,Australia,"blackburn@papilio.com.au",CityFM,,,No
City Integrated Maintenance Services (Aus) Pty Ltd,"Affinity - Papilio Early Learning Box Hill North 4001AEG",Simon Malone (FM),(03) 9898 1566,0455 889 095,,"boxhillnorth@papilio.com.au",152 Dorking Road,Box Hill North,Victoria,3129,Australia,"boxhillnorth@papilio.com.au",CityFM,,,No
City Integrated Maintenance Services (Aus) Pty Ltd,"Affinity - Papilio Early Learning Bundoora 4043AEG",Simon Malone (FM),(03) 7036 8166,0455 889 095,,"bundoora@papilio.com.au",420 Grimshaw Street,Bundoora,Victoria,3083,Australia,"bundoora@papilio.com.au",CityFM,,,No
City Integrated Maintenance Services (Aus) Pty Ltd,"Affinity - Papilio Early Learning Essendon 4026AEG",Simon Malone (FM),(03) 9351 6817,0455 889 095,,"essendon@papilio.com.au",333 Keilor Road,Essendon,Victoria,3040,Australia,"essendon@papilio.com.au",CityFM,,,No
City Integrated Maintenance Services (Aus) Pty Ltd,"Affinity - Papilio Early Learning Hoppers Crossing 4061AEG",Simon Malone (FM),(03) 8664 9333,0455 889 095,,"hopperscrossing@papilio.com.au",565 Tarneit Road,Hoppers Crossing,Victoria,3029,Australia,"hopperscrossing@papilio.com.au",CityFM,,,No
City Integrated Maintenance Services (Aus) Pty Ltd,"Affinity - Papilio Early Learning Point Cook 4063AEG",Simon Malone (FM),(03) 8348 1735,0455 889 095,,"pointcook@papilio.com.au","60-62 Florey Avenue",Point Cook,Victoria,3030,Australia,"pointcook@papilio.com.au",CityFM,,,No
City Integrated Maintenance Services (Aus) Pty Ltd,"Affinity - Werribee Kids Early Learning Centre 4066AEG",Simon Malone (FM),(03) 8737 5990,0455 889 095,,"werribeekids@affinityeducation.com.au",2 Russell Street,Werribee,Victoria,3030,Australia,"werribeekids@affinityeducation.com.au",CityFM,,,No
City Integrated Maintenance Services (Aus) Pty Ltd,"Affinity -	Aussie Kindies Bacchus Marsh 4008AEG",Simon Malone (FM),(03) 5367 3822,0455 889 095,,"bacchusmarsh@aussiekindie.com.au","59-63 Grey Street",Darley,Victoria,3340,Australia,"bacchusmarsh@aussiekindie.com.au",CityFM,,,No
City Integrated Maintenance Services (Aus) Pty Ltd,"Affinity -	Aussie Kindies Cranbourne 4003AEG",Simon Malone (FM),(03) 5996 6255,0455 889 095,,"cranbourne@aussiekindies.com.au",3 Ferndown Drive,Cranbourne,Victoria,3977,Australia,"cranbourne@aussiekindies.com.au",CityFM,,,No
City Integrated Maintenance Services (Aus) Pty Ltd,"Affinity -	Aussie Kindies Creswick 4006AEG",Simon Malone (FM),(03) 5345 2555,0455 889 095,,"creswick@aussiekindies.com.au",7 Andrew Street,Creswick,Victoria,3363,Australia,"creswick@aussiekindies.com.au",CityFM,,,No
City Integrated Maintenance Services (Aus) Pty Ltd,"Affinity -	Aussie Kindies Kyabram 4011AEG",Simon Malone (FM),(03) 5852 2844,0455 889 095,,"kyabram@aussiekindies.com.au",28 Unwin Street,Kyabram,Victoria,3620,Australia,"kyabram@aussiekindies.com.au",CityFM,,,No
City Integrated Maintenance Services (Aus) Pty Ltd,"Affinity -	Aussie Kindies Stawell 4013AEG",Simon Malone (FM),(03) 5358 4266,0455 889 095,,"stawell@aussiekindies.com.au","1-7 Ocallaghan Street",Stawell,Victoria,3380,Australia,"stawell@aussiekindies.com.au",CityFM,,,No
City Integrated Maintenance Services (Aus) Pty Ltd,"Affinity -	Aussie Kindies Sunbury 4016AEG",Simon Malone (FM),(03) 9740 7760,0455 889 095,,"sunbury@aussiekindies.com.au",5 Spavin Drive,Sunbury,Victoria,3429,Australia,"sunbury@aussiekindies.com.au",CityFM,,,No
City Integrated Maintenance Services (Aus) Pty Ltd,"Affinity -	Kids Academy Doncaster East 4051AEG",Simon Malone (FM),(03) 7043 6760,0455 889 095,,"doncastereast@kidsacademyelc.com.au","952-954 Doncaster Road",Doncaster East,Victoria,3109,Australia,"doncastereast@kidsacademyelc.com.au",CityFM,,,No
City Integrated Maintenance Services (Aus) Pty Ltd,"Affinity -	Kids Academy Melton 4052AEG",Simon Malone (FM),(03) 7046 4812,0455 889 095,,"melton@kidsacademyelc.com.au","1-7 Reserve Road",Melton,Victoria,3337,Australia,"melton@kidsacademyelc.com.au",CityFM,,,No
City Integrated Maintenance Services (Aus) Pty Ltd,"Affinity -	Kids Academy Mickleham 4053AEG",Simon Malone (FM),(03) 7036 7369,0455 889 095,,"mickleham@kidsacademyelc.com.au",459 Brookfield Boulevard,Mickleham,Victoria,3064,Australia,"mickleham@kidsacademyelc.com.au",CityFM,,,No
City Integrated Maintenance Services (Aus) Pty Ltd,"Affinity -	Kids Academy Murrumbeena 4050AEG",Simon Malone (FM),(03) 7020 5354,0455 889 095,,"murrumbeena@kidsacademyelc.com.au",137 Murrumbeena Road,Murrumbeena,Victoria,3163,Australia,"murrumbeena@kidsacademyelc.com.au",CityFM,,,No
City Integrated Maintenance Services (Aus) Pty Ltd,"Affinity -	Kids Academy Ringwood East 4045AEG",Simon Malone (FM),(03) 7020 5351,0455 889 095,,"ringwoodeast@kidsacademyelc.com.au",30 Grey Street,Ringwood East,Victoria,3135,Australia,"ringwoodeast@kidsacademyelc.com.au",CityFM,,,No
City Integrated Maintenance Services (Aus) Pty Ltd,"Affinity -	Kids Academy Waratah Estate 4054AEG",Simon Malone (FM),(03) 7046 3537,0455 889 095,,"waratahestate@kidsacademyelc.com.au","2-4 Whiteleaf Drive",Mickleham,Victoria,3064,Australia,"waratahestate@kidsacademyelc.com.au",CityFM,,,No
City Integrated Maintenance Services (Aus) Pty Ltd,"Affinity -	Milestones Early Learning Cranbourne East 4010AEG",Simon Malone (FM),(03) 5995 3644,0455 889 095,,"cranbourneeast@milestones.com.au","55-57 Broad Oak Drive",Cranbourne East,Victoria,3977,Australia,"cranbourneeast@milestones.com.au",CityFM,,,No
City Integrated Maintenance Services (Aus) Pty Ltd,"Affinity -	Milestones Early Learning Greensborough 4015AEG",Simon Malone (FM),(03) 9434 7933,0455 889 095,,"greensborough@milestones.com.au",3 William Street,Greensborough,Victoria,3088,Australia,"greensborough@milestones.com.au",CityFM,,,No
City Integrated Maintenance Services (Aus) Pty Ltd,"Affinity -	Milestones Early Learning Keysborough 4031AEG",Simon Malone (FM),(03) 8763 4097,0455 889 095,,"keysborough@milestones.com.au",468 Cheltenham Road,Keysborough,Victoria,3173,Australia,"keysborough@milestones.com.au",CityFM,,,No
City Integrated Maintenance Services (Aus) Pty Ltd,"Affinity -	Milestones Early Learning Narre Warren North 4059AEG",Simon Malone (FM),(03) 7034 4141,0455 889 095,,"narrewarren@milestones.com.au",154 Drysdale Avenue,Narre Warren North,Victoria,3804,Australia,"narrewarren@milestones.com.au",CityFM,,,No
City Integrated Maintenance Services (Aus) Pty Ltd,"Affinity -	Milestones Early Learning Officer (Tivendale Rd) 4060AEG",Simon Malone (FM),(03) 7068 4833,0455 889 095,,"officer@milestones.com.au",27 Tivendale Road,Officer,Victoria,3809,Australia,"officer@milestones.com.au",CityFM,,,No
City Integrated Maintenance Services (Aus) Pty Ltd,"Affinity -	Milestones Early Learning Ringwood 4019AEG",Simon Malone (FM),(03) 9870 0125,0455 889 095,,"ringwood@milestones.com.au","290-292 Maroondah Highway",Ringwood,Victoria,3134,Australia,"ringwood@milestones.com.au",CityFM,,,No
City Integrated Maintenance Services (Aus) Pty Ltd,"Affinity -	Milestones Early Learning Seaford 4044AEG",Simon Malone (FM),(03) 8664 9331,0455 889 095,,"seaford@milestones.com.au","32-34 Nepean Highway",Seaford,Victoria,3198,Australia,"seaford@milestones.com.au",CityFM,,,No
City Integrated Maintenance Services (Aus) Pty Ltd,"Affinity -	Papilio Early Learning Box Hill 4027AEG",Simon Malone (FM),(03) 8840 7140,0455 889 095,,"boxhill@papilio.com.au","84-86 Carrington Road",Box Hill,Victoria,3128,Australia,"boxhill@papilio.com.au",CityFM,,,No
City Integrated Maintenance Services (Aus) Pty Ltd,"Affinity -	Papilio Early Learning Camberwell 4024AEG",Simon Malone (FM),(03) 9888 8182,0455 889 095,,"camberwell@papilio.com.au",168 Warrigal Road,Camberwell,Victoria,3124,Australia,"camberwell@papilio.com.au",CityFM,,,No
City Integrated Maintenance Services (Aus) Pty Ltd,"Affinity -	Papilio Early Learning Casey Fields 4029AEG",Simon Malone (FM),(03) 5926 0660,0455 889 095,,"caseyfields@papilio.com.au",85S Elmslie Drive,Cranbourne East,Victoria,3977,Australia,"caseyfields@papilio.com.au",CityFM,,,No
City Integrated Maintenance Services (Aus) Pty Ltd,"Affinity -	Papilio Early Learning Croydon 4030AEG",Simon Malone (FM),(03) 8202 4134,0455 889 095,,"croydon@papilio.com.au","shop m3/5-15 Kent Avenue",Croydon,Victoria,3136,Australia,"croydon@papilio.com.au",CityFM,,,No
City Integrated Maintenance Services (Aus) Pty Ltd,"Affinity -	Papilio Early Learning Murrumbeena 4032AEG",Simon Malone (FM),(03) 9563 2113,0455 889 095,,"murrumbeena@papilio.com.au",487 Neerim Road,Murrumbeena,Victoria,3163,Australia,"murrumbeena@papilio.com.au",CityFM,,,No
City Integrated Maintenance Services (Aus) Pty Ltd,"Affinity -	Papilio Early Learning Officer 4057AEG",Simon Malone (FM),(03) 5953 3339,0455 889 095,,"officer@papilio.com.au","11-13 Station Street",Officer,Victoria,3809,Australia,"officer@papilio.com.au",CityFM,,,No
City Integrated Maintenance Services (Aus) Pty Ltd,"Affinity -	Papilio Early Learning St Kilda 4025AEG",Simon Malone (FM),(03) 9527 5963,0455 889 095,,"stkilda@papilio.com.au",89 Westbury Street,Saint Kilda East,Victoria,3183,Australia,"stkilda@papilio.com.au",CityFM,,,No
City Integrated Maintenance Services (Aus) Pty Ltd,"Bunnings - Hallam",,,,,"HallamFT@bunnings.com.au","30-44 Centre Road",Hallam,Victoria,3803,Australia,"HallamFT@bunnings.com.au",CityFM,,,No
City Integrated Maintenance Services (Aus) Pty Ltd,"Bunnings - Maribyrnong",Eve,03 9319 7300,,,"maribyrnong@bunnings.com.au",,Maribyrnong,Victoria,3032,Australia,"maribyrnong@bunnings.com.au",,,,No
City Integrated Maintenance Services (Aus) Pty Ltd,"Charter Hall Property - Coburg North 0530CH",Linda Pollard,0472 648 178,,,"kate.phillips@charterhall.com.au",,Coburg North,Victoria,3073,Australia,"168-170 elizabeth st",,,,No
City Integrated Maintenance Services (Aus) Pty Ltd,"Charter Hall Property - Doncaster 0548CH",Linda Pollard,,0472648178,,"bronwyn.beardsley@charterhall.com.au","113-115 High Street",Doncaster,Victoria,3108,Australia,,,,,No
City Integrated Maintenance Services (Aus) Pty Ltd,"Charter Hall Property - Epping 0031CH",Linda Pollard,,0472 648 178,,"Linda.Pollard@charterhall.com.au",9 Church Street,Epping,Victoria,3076,Australia,,CityFM,05/29,"05/27 - JW",No
City Integrated Maintenance Services (Aus) Pty Ltd,"Charter Hall Property - Lower Templestowe",Linda Pollard,,0472648178,,,"185-187 Manningham Road",Templestowe Lower,Victoria,3107,Australia,,CityFM,,,No
City Integrated Maintenance Services (Aus) Pty Ltd,"Coles - Lilydale Market Place",,,,,,45 Hutchinson Street,Lilydale,Victoria,3140,Australia,,CityFM,,,No
City Integrated Maintenance Services (Aus) Pty Ltd,"Coles - Truganina",,,,,,,,,,,,,,,No
City Integrated Maintenance Services (Aus) Pty Ltd,"Coles - Wetherill Park",,,,,,,,,,,,,,,No
City Integrated Maintenance Services (Aus) Pty Ltd,Coles Laverton,,,,,,"Coles Central Square, Central Avenue",Altona Meadows,Victoria,3028,Australia,,CityFM,,,No
City Integrated Maintenance Services (Aus) Pty Ltd,Eltham,,,,,,816 Main Road Service Road,Eltham,Victoria,3095,Australia,,,,,Yes
City Integrated Maintenance Services (Aus) Pty Ltd,genU Broadmeadows,Rosamund Tyler,,0409 403 759,,"rosamund.tyler@city-holdings.com.au",suite 16 11/27 Pearcedale Parade,Broadmeadows,Victoria,3047,Australia,,CityFM,,,No
City Integrated Maintenance Services (Aus) Pty Ltd,"genU Commercial - Ability, Union St, Northcote 3005G",Rosamund Tyler (RFM),,0409 403 759,,,30A Union Street,Northcote,Victoria,3070,Australia,,CityFM,,,No
City Integrated Maintenance Services (Aus) Pty Ltd,"GenU Commercial - Douro Street, North Geelong 3901G",Darren Fenton (FM),,0477014810,,,77 Douro Street,North Geelong,Victoria,3215,Australia,,CityFM,,,No
City Integrated Maintenance Services (Aus) Pty Ltd,"genU Commercial - Ethel St 3010G",Rosamund Tyler (RFM),,0409 403 759,,,3 Ethel Street,Thornbury,Victoria,3071,Australia,,,,,No
City Integrated Maintenance Services (Aus) Pty Ltd,"GenU Commercial - Leichhardt 4039G",,,,,,,,,,,,,,"21/07 - JW",No
City Integrated Maintenance Services (Aus) Pty Ltd,"genU Commercial - MatchWorks Broadmeadows 2025G",Darren Fenton (FM),,,,,"1185-1197 Pascoe Vale Road",Broadmeadows,Victoria,3047,Australia,,CityFM,,,No
City Integrated Maintenance Services (Aus) Pty Ltd,"genU Commercial - MatchWorks Pakenham 2072G",Rosamund Tyler (RFM),,0409 403 759,,,48 John Street,Pakenham,Victoria,3810,Australia,,CityFM,,,No
City Integrated Maintenance Services (Aus) Pty Ltd,"genU Commercial - Oakdale Lodge & Zone 3026G",Darren Fenton (FM),,,,,7 Acorn Drive,Warrane,Tasmania,7018,Australia,,CityFM,,,No
City Integrated Maintenance Services (Aus) Pty Ltd,"genU Commercial - VIC - Colac - 101 Queen Street 3000G",Darren Fenton (FM),,0409 605 999b,,,101 Queen Street,Colac,Victoria,3250,Australia,,CityFM,,,No
City Integrated Maintenance Services (Aus) Pty Ltd,"genU Commercial - VIC - Colac - 6 Bath Street 3003G",Darren Fenton (FM),,0409 605 999,,,6 Bath Street,Colac,Victoria,3250,Australia,,CityFM,,,No
City Integrated Maintenance Services (Aus) Pty Ltd,"genU Commercial - VIC - East  Geelong - 285A McKillop Street -  Eastern Hub 3902G",Darren Fenton (FM),,0409 605 999,,,285A McKillop Street,East Geelong,Victoria,3219,Australia,,,08/21,"08/13 - JW",No
City Integrated Maintenance Services (Aus) Pty Ltd,"genU Commercial - VIC - Glen Waverley - Suite 11, 40 Montclair Avenue - Matchworks 2046G",Darren Fenton (FM),,0409 605 999,,,suite 11/40 Montclair Avenue,Glen Waverley,Victoria,3150,Australia,,CityFM,,,No
City Integrated Maintenance Services (Aus) Pty Ltd,"genU Commercial - VIC - Highton - 21-29 Reynolds Road - Support Hub 1000G",Jane Muhor,,0477 018 849,,,"21-29 Reynolds Road",Highton,Victoria,3216,Australia,,CityFM,,,No
City Integrated Maintenance Services (Aus) Pty Ltd,"genU Commercial - VIC - Warrnambool - 166A Koroit Street 3013G",Laura Rea,,0474 574 534,,,166A Koroit Street,Warrnambool,Victoria,3280,Australia,,CityFM,,,No
City Integrated Maintenance Services (Aus) Pty Ltd,genU Commercial Matchworks 2085G,,,,,,,,,,,,,,,No
City Integrated Maintenance Services (Aus) Pty Ltd,"genU Community Garden - 3012G",Rosamund Tyler (RFM),03 9486 5077,0409 403 759,,,40 Clapham Street,Thornbury,Victoria,3071,Australia,,CityFM,,,No
City Integrated Maintenance Services (Aus) Pty Ltd,"genU McCrae - 129 Bayview Road 4076G - PPM jobs",,,,,,129 Bayview Road,McCrae,Victoria,3938,Australia,,CityFM,,,No
City Integrated Maintenance Services (Aus) Pty Ltd,"genU Residential - Connor House 4066G",Rosamund Tyler (RFM),,0409 403 759,,,27 Leon Avenue,Rosebud,Victoria,3939,Australia,,CityFM,,,No
City Integrated Maintenance Services (Aus) Pty Ltd,"genU Residential - Hammond House 4068G",Rosamund Tyler (RFM),03 6325 5931,0409 403 759,,,10 Hammond Court,Prospect Vale,Tasmania,7250,Australia,,CityFM,,,No
City Integrated Maintenance Services (Aus) Pty Ltd,"genU Residential - McAllister House, St Albans Park 4075G",Rosamund Tyler (RFM),,0409 403 759,,,263 Wilsons Road,Saint Albans Park,Victoria,3219,Australia,,CityFM,,,No
City Integrated Maintenance Services (Aus) Pty Ltd,"GenU Residential - McDowell Street, Rosebud 3016G",Nigel Carter,,0418 713 034,,,,,,,,,,,,No
City Integrated Maintenance Services (Aus) Pty Ltd,"genU Residential - Murray- Anderson House 4080G",Rosamund Tyler (RFM),,0409 403 759,,,"10 Murray-Anderson Road",Rosebud,Victoria,3939,Australia,,CityFM,,,No
City Integrated Maintenance Services (Aus) Pty Ltd,"genU Residential - TAS - Glenorchy - 9 Grace Court 4028G",Darren Fenton (FM),,0409 605 999,,,9 Grace Court,Glenorchy,Tasmania,7010,Australia,,CityFM,,,No
City Integrated Maintenance Services (Aus) Pty Ltd,"genU Residential - VIC - Belmont - 14 Amundsen Street - Karrong House 4071G Belmont 4071G",Rosamund Tyler (RFM),,0409 403 759,,,14 Amundsen Street,Belmont,Victoria,3216,Australia,,CityFM,,,No
City Integrated Maintenance Services (Aus) Pty Ltd,"genU Residential - VIC - Belmont VIC - 16 Amundsen Street 4063G",Darren Fenton (FM),,0409 605 999,,,16 Amundsen Street,Belmont,Victoria,3216,Australia,,,,,No
City Integrated Maintenance Services (Aus) Pty Ltd,"genU Residential - VIC - East Geelong - 15 Boyne Avenue - Rossack House - 4083G","Ricky Sharma - SDL",,0477 007 250,,,15 Boyne Avenue,East Geelong,Victoria,3219,Australia,,CityFM,,,No
City Integrated Maintenance Services (Aus) Pty Ltd,"genU Residential - VIC - Geelong - 215-221 Yarra Street - Austin House-Affordable Housing 4099G",Darren Fenton (FM),,0409 605 999,,,"215-221 Yarra Street",Geelong,Victoria,3220,Australia,,CityFM,,,No
City Integrated Maintenance Services (Aus) Pty Ltd,"genU Residential - VIC - Geelong West - Unit 1, 30-38 Isabella Street - Affordable Housing 4094G",Lily,,0459 807 801,,,30 Isabella Street,Geelong West,Victoria,3218,Australia,,,,,No
City Integrated Maintenance Services (Aus) Pty Ltd,"genU Residential - VIC - Hamlyn Heights - 106 Tahara Street 4086G",Darren Fenton (FM),,0409 605 999,,,106 Tahara Street,Hamlyn Heights,Victoria,3215,Australia,,CityFM,,,No
City Integrated Maintenance Services (Aus) Pty Ltd,"genU Residential - VIC - Ocean Grove - 61 Woodlands Drive - St Laurence Lodge 4085G",Darren Fenton (FM),03 5256 1377,0409 605 999,,,61 Woodlands Drive,Ocean Grove,Victoria,3226,Australia,,CityFM,,,No
City Integrated Maintenance Services (Aus) Pty Ltd,"genU Residential - VIC - Portland - 15 Laguna Court 4081G",Rosamund Tyler (RFM),,0409 403 759,,,15 Laguna Court,Portland,Victoria,3305,Australia,,CityFM,,,No
City Integrated Maintenance Services (Aus) Pty Ltd,"genU Residential - VIC - Rosebud -  27 Leon Avenue - Connor House  4066G",Rosamund Tyler (FM),03 5918 6590,0409 403 759,,,27 Leon Avenue,Rosebud,Victoria,3939,Australia,,,,,No
City Integrated Maintenance Services (Aus) Pty Ltd,"genU Residential - VIC - St Albans Park - 263 Wilsons Road - McAllister House 4075G",Rosamund Tyler (FM),,0409 403 759,,,263 Wilsons Road,Saint Albans Park,Victoria,3219,Australia,,CityFM,,,No
City Integrated Maintenance Services (Aus) Pty Ltd,"genU Residential - Yarra Street, Geelong 4099G",Darren Fenton (FM),,,,,217 Yarra Street,Geelong,Victoria,3220,Australia,,CityFM,,,No
City Integrated Maintenance Services (Aus) Pty Ltd,"Goodstart - Albury - Mate Street 6199286GS",Shane Petersen (FM),1800 222 543,0408 694 860,,"enquiries@goodstart.org.au",785 Mate Street,North Albury,New South Wales,2640,Australia,"enquiries@goodstart.org.au",CityFM,,,No
City Integrated Maintenance Services (Aus) Pty Ltd,"Goodstart - Alfredton",Lian Xerri (FM),03 5334 2929,0492 455 836,,"ala@goodstart.org.au","91-93 Cuthberts Road",Alfredton,Victoria,3350,Australia,"ala@goodstart.org.au",CityFM,,,No
City Integrated Maintenance Services (Aus) Pty Ltd,"Goodstart - Altona",Lian Xerri (FM),03 9398 4634,0492 455 836,,"ksn@goodstart.org.au",24 Upton Street,Altona,Victoria,3018,Australia,"ksn@goodstart.org.au",CityFM,,,No
City Integrated Maintenance Services (Aus) Pty Ltd,"Goodstart - Ballarat",Lian Xerri (FM),03 5339 5111,0492 455 836,,"cwr@goodstart.org.au","609-611 Creswick Road",Ballarat Central,Victoria,3350,Australia,"cwr@goodstart.org.auxz",CityFM,,,No
City Integrated Maintenance Services (Aus) Pty Ltd,"Goodstart - Bayswater North",Lian Xerri (FM),03 9720 4133,0492 455 836,,"bay@goodstart.org.au",316 Colchester Road,Bayswater North,Victoria,3153,Australia,"bay@goodstart.org.au",CityFM,,,No
City Integrated Maintenance Services (Aus) Pty Ltd,"Goodstart - Beaumaris 6110347GS",Lian Xerri (FM),03 9589 1352,0492 455 836,,"bem@goodstart.org.au",4 Emily Street,Beaumaris,Victoria,3193,Australia,"bem@goodstart.org.au",CityFM,,,No
City Integrated Maintenance Services (Aus) Pty Ltd,"Goodstart - Belgrave Heights 6110659GS",Lian Xerri (FM),03 9754 8455,0492 455 836,,"bgv@goodstart.org.au",75 Colby Drive,Belgrave Heights,Victoria,3160,Australia,"bgv@goodstart.org.au",CityFM,,,No
City Integrated Maintenance Services (Aus) Pty Ltd,"Goodstart - Bendigo",Lian Xerri (FM),03 5444 1777,0492 455 836,,"bce@goodstart.org.au",10 McIvor Highway,Bendigo,Victoria,3550,Australia,"bce@goodstart.org.au",CityFM,,,No
City Integrated Maintenance Services (Aus) Pty Ltd,"Goodstart - Bentleigh East - McKinnon Road 6199231GS",Lian Xerri (FM),03 7004 0041,0492 455 836,,"bmx@goodstart.org.au","Robinhood Childcare, 364 McKinnon Road",Bentleigh East,Victoria,3165,Australia,"bmx@goodstart.org.au",CityFM,,,No
City Integrated Maintenance Services (Aus) Pty Ltd,"Goodstart - Bentleigh East (South Rd)",Lian Xerri (FM),03 9570 9500,0492 455 836,,"ksz@goodstart.org.au",781 South Road,Bentleigh East,Victoria,3165,Australia,"ksz@goodstart.org.au",CityFM,,,No
City Integrated Maintenance Services (Aus) Pty Ltd,"Goodstart - Berwick 6110692GS",Lian Xerri (FM),03 9702 5104,0492 455 836,,"bcc@goodstart.org.au",1 Cheviot Avenue,Berwick,Victoria,3806,Australia,"bcc@goodstart.org.au",CityFM,,,No
City Integrated Maintenance Services (Aus) Pty Ltd,"Goodstart - Blackburn (Springfield Rd) - 6199270GS",Lian Xerri (FM),03 8864 4551,0492 455 836,,"bsxadmin@goodstart.org.au",64 Springfield Road,Blackburn,Victoria,3130,Australia,"bsxadmin@goodstart.org.au",CityFM,,,No
City Integrated Maintenance Services (Aus) Pty Ltd,"Goodstart - Blackburn South 6110930GS",Lian Xerri (FM),03 9898 8955,0492 455 836,"ksh@goodstart.org.au","ksh@goodstart.org.au","286-288 Middleborough Road",Blackburn South,Victoria,3130,Australia,"ksh@goodstart.org.au",CityFM,,,No
City Integrated Maintenance Services (Aus) Pty Ltd,"Goodstart - Boronia (Albert Ave) - 7210017GS",Lian Xerri (FM),03 9762 4761,0492 455 836,,"brs@goodstart.org.au",78 Albert Avenue,Boronia,Victoria,3155,Australia,"brs@goodstart.org.au",CityFM,,,No
City Integrated Maintenance Services (Aus) Pty Ltd,"Goodstart - Boronia (Boronia Rd) - 6110833GS",Lian Xerri (FM),03 9762 6788,0492 455 836,,"brs@goodstart.org.au","15-17 Boronia Road",Boronia,Victoria,3155,Australia,"brs@goodstart.org.au",CityFM,,,No
City Integrated Maintenance Services (Aus) Pty Ltd,"Goodstart - Boronia Iris Crescent",Lian Xerri (FM),03 8706 0517,0492 455 836,"bzq@goodstart.org.au","bzq@goodstart.org.au","19-21 Iris Crescent",Boronia,Victoria,3155,Australia,"bzq@goodstart.org.au",CityFM,,,No
City Integrated Maintenance Services (Aus) Pty Ltd,"Goodstart - Box Hill (Canterbury Rd) 6110932GS",Lian Xerri (FM),03 9899 9522,0492 455 836,"ksy@goodstart.org.au","ksy@goodstart.org.au",974 Canterbury Road,Box Hill,Victoria,3128,Australia,"ksy@goodstart.org.au",CityFM,,,No
City Integrated Maintenance Services (Aus) Pty Ltd,"Goodstart - Box Hill (Whitehorse Rd) - 6110264GS",Nathan Robbins (FM),03 9898 5533,0408 760 942,"box@goodstart.org.au","box@goodstart.org.au","1056-1058 Whitehorse Road",Box Hill,Victoria,3128,Australia,"box@goodstart.org.au",CityFM,,,No
City Integrated Maintenance Services (Aus) Pty Ltd,"Goodstart - Braybrook 6199091GS",Lian Xerri (FM),03 9312 0440,0492 455 836,,"byb@goodstart.org.au",1 Vine Street,Braybrook,Victoria,3019,Australia,"byb@goodstart.org.au",CityFM,,,No
City Integrated Maintenance Services (Aus) Pty Ltd,"Goodstart - Brighton - Cochrane St 6111025GS",Lian Xerri (FM),03 9596 3999,0492 455 836,,"plt@goodstart.org.au",43 Cochrane Street,Brighton,Victoria,3186,Australia,"plt@goodstart.org.au",CityFM,,,No
City Integrated Maintenance Services (Aus) Pty Ltd,"Goodstart - Brunswick West",Lian Xerri (FM),03 9386 6333,0492 455 836,,"thf@goodstart.org.au",606 Moreland Road,Brunswick West,Victoria,3055,Australia,"thf@goodstart.org.au",CityFM,,,No
City Integrated Maintenance Services (Aus) Pty Ltd,"Goodstart - Bundoora (Bendoran Cres)",Lian Xerri (FM),03 9467 8500,0492 455 836,,"bda@goodstart.org.au",19 Bendoran Crescent,Bundoora,Victoria,3083,Australia,"bda@goodstart.org.au",CityFM,,,No
City Integrated Maintenance Services (Aus) Pty Ltd,"Goodstart - Bundoora (Karl Ct) - 6111202GS",Shane Petersen (FM),03 9466 9877,0408 694 860,"bdr@goodstart.org.au","bdr@goodstart.org.au","18-20 Karl Court",Bundoora,Victoria,3083,Australia,"bdr@goodstart.org.au",CityFM,,,No
City Integrated Maintenance Services (Aus) Pty Ltd,"Goodstart - Bundoora (Plenty Rd) - 6110931GS",Shane Petersen (FM),03 9467 8733,0408 694 860,"ksj@goodstart.org.au","ksj@goodstart.org.au","3-5 Plenty Road",Bundoora,Victoria,3083,Australia,"ksj@goodstart.org.au",CityFM,,,No
City Integrated Maintenance Services (Aus) Pty Ltd,"Goodstart - Burnside",Lian Xerri (FM),03 8361 7328,0492 455 836,,"wro@goodstart.org.au","277-281 Westwood Drive",Burnside,Victoria,3023,Australia,"wro@goodstart.org.au",CityFM,,,No
City Integrated Maintenance Services (Aus) Pty Ltd,"Goodstart - Carrum Downs - Hall Rd 6111042GS",Nathan Robbins (FM),03 9782 0900,0408 760 942,,"cdw@goodstart.org.au",171 Hall Road,Carrum Downs,Victoria,3201,Australia,"cdw@goodstart.org.au",CityFM,,,No
City Integrated Maintenance Services (Aus) Pty Ltd,"Goodstart - Carrum Downs (Arcadia St)",Nathan Robbins (FM),03 9776 8556,0408 760 942,,"cds@goodstart.org.au","4-6 Arcadia Street",Carrum Downs,Victoria,3201,Australia,"cds@goodstart.org.au",CItyFM,,,No
City Integrated Maintenance Services (Aus) Pty Ltd,"Goodstart - Carrum Downs (Frankston-Dandenong Rd)",Nathan Robbins (FM),03 8787 7000,0408 760 942,,"cdp@goodstart.org.au","1141-1143 Frankston - Dandenong Road",Carrum Downs,Victoria,3201,Australia,"cdp@goodstart.org.au",CityFM,,,No
City Integrated Maintenance Services (Aus) Pty Ltd,"Goodstart - Caulfield 6199248GS",Lian Xerri (FM),03 9571 0811,0492 455 836,,"cxs@goodstart.org.au",1036 Glen Huntly Road,Caulfield South,Victoria,3162,Australia,"cxs@goodstart.org.au",CityFM,,,No
City Integrated Maintenance Services (Aus) Pty Ltd,"Goodstart - Chadstone 6110142GS",Lian Xerri,03 9569 7114,0492 455 836,"cha@goodstart.org.au","cha@goodstart.org.au","Holmesglen TAFE, Batesford Road",Chadstone,VIC,3148,Australia,"cha@goodstart.org.au",CityFM,,,No
City Integrated Maintenance Services (Aus) Pty Ltd,"Goodstart - Chelsea Heights 6110712GS",Nathan Robbins (FM),03 9776 0077,0408 760 942,"chh@goodstart.org.au","chh@goodstart.org.au","5-9 Piper Drive",Chelsea Heights,Victoria,3196,Australia,"chh@goodstart.org.au",CityFM,,,No
City Integrated Maintenance Services (Aus) Pty Ltd,"Goodstart - Cheltenham 6110750GS",Lian Xerri (FM),03 9584 0999,0492 455 836,"cth@goodstart.org.au","cth@goodstart.org.au",2 Jellicoe Street,Cheltenham,Victoria,3192,Australia,"cth@goodstart.org.au",CityFM,,,No
City Integrated Maintenance Services (Aus) Pty Ltd,"Goodstart - Clarinda",Nathan Robbins (FM),(03) 7501 2055,0408 760 942,,"cxl@goodstart.org.au",11 Elder Street,Clarinda,Victoria,3169,Australia,"cxl@goodstart.org.au",CityFM,,,No
City Integrated Maintenance Services (Aus) Pty Ltd,"Goodstart - Clayton - 6110392GS",Nathan Robbins (FM),03 9544 6083,0408 760 942,"cto@goodstart.org.au","cto@goodstart.org.au",42 Prince Charles Street,Clayton,Victoria,3168,Australia,"cto@goodstart.org.au",CityFM,,,No
City Integrated Maintenance Services (Aus) Pty Ltd,"Goodstart - Clifton Hill - 6111160GS",Nathan Robbins (FM),03 9489 0318,0408 760 942,"bir@goodstart.org.au","bir@goodstart.org.au",101 Heidelberg Road,Clifton Hill,Victoria,3068,Australia,"bir@goodstart.org.au",CityFM,,,No
City Integrated Maintenance Services (Aus) Pty Ltd,"Goodstart - Corowa 6110102GS",Craig Vasic (RFM),02 6033 0311,0437 118 091,,"cor_admin@goodstart.org.au",93 Dawe Street,Corowa,New South Wales,2646,Australia,,CityFM,,,No
City Integrated Maintenance Services (Aus) Pty Ltd,"Goodstart - Craigieburn",Lian Xerri (FM),03 9305 5077,0492 455 836,,"syf@goodstart.org.au",130 Dorchester Street,Craigieburn,Victoria,3064,Australia,"syf@goodstart.org.au",CityFM,,,No
City Integrated Maintenance Services (Aus) Pty Ltd,"Goodstart - Cranbourne East",Nathan Robbins (FM),03 5995 5844,0408 760 942,,"cze@goodstart.org.au","2/6-8 Brindalee Place",Cranbourne East,Victoria,3977,Australia,"cze@goodstart.org.au",CityFM,,,No
City Integrated Maintenance Services (Aus) Pty Ltd,"Goodstart - Croydon (Mt Dandenong Rd) - 6110884GS",Nathan Robbins (FM),03 9722 9388,0408 760 942,,"crd@goodstart.org.au",418 Mount Dandenong Road,Croydon,Victoria,3136,Australia,"crd@goodstart.org.au",CityFM,,,No
City Integrated Maintenance Services (Aus) Pty Ltd,"Goodstart - Croydon South 6111034GS",Nathan Robbins (FM),03 9722 9677,0408 760 942,"csh@goodstart.org.au","csh@goodstart.org.au","173-175 Bayswater Road",Croydon South,Victoria,3136,Australia,"csh@goodstart.org.au",CityFM,,,No
City Integrated Maintenance Services (Aus) Pty Ltd,"Goodstart - Dandenong (Heatherton Rd)",Nathan Robbins (FM),03 9701 3233,0408 760 942,"wrf@goodstart.org.au","wrf@goodstart.org.au",1390 Heatherton Road,Dandenong,Victoria,3175,Australia,"wrf@goodstart.org.au",CityFM,,,No
City Integrated Maintenance Services (Aus) Pty Ltd,"Goodstart - Dandenong (Princes Hwy)",Nathan Robbins (FM),03 9791 9499,0408 760 942,"daw@goodstart.org.au","daw@goodstart.org.au",141 Princes Highway,Dandenong,Victoria,3175,Australia,"daw@goodstart.org.au",CityFM,,,No
City Integrated Maintenance Services (Aus) Pty Ltd,"Goodstart - Deer Park 6110366GS",Lian Xerri (FM),03 9361 2022,0492 455 836,"dee@goodstart.org.au","dee@goodstart.org.au",799 Ballarat Road,Deer Park,Victoria,3023,Australia,"dee@goodstart.org.au",CityFM,,,No
City Integrated Maintenance Services (Aus) Pty Ltd,"Goodstart - Delacombe",Lian Xerri (FM),03 5336 1296,0492 455 836,,"del@goodstart.org.au","904 Glenelg Hwy, Cnr Sutton St",Delacombe,Victoria,3356,Australia,"del@goodstart.org.au",CityFM,,,No
City Integrated Maintenance Services (Aus) Pty Ltd,"Goodstart - Deninngton",Christopher Brooke,03 5561 0827,0417 959 345,"wam@goodstart.org.au","wam@goodstart.org.au",135 Harrington Road,Dennington,Victoria,3280,Australia,"wam@goodstart.org.au",CityFM,,,No
City Integrated Maintenance Services (Aus) Pty Ltd,"Goodstart - Derrimut",Melissa Karczemski,03 9361 2215,,"der@goodstart.org.au","der@goodstart.org.au",6A Chartwell Crescent,Derrimut,Victoria,3026,Australia,"der@goodstart.org.au",CityFm,,,No
City Integrated Maintenance Services (Aus) Pty Ltd,"Goodstart - Doncaster East 6110933GS",Eileen Rushton,03 9842 1544,,"ksx@goodstart.org.au","ksx@goodstart.org.au","76-78 Andersons Creek Road",Doncaster East,Victoria,3109,Australia,05/08,,,,No
City Integrated Maintenance Services (Aus) Pty Ltd,"Goodstart - Doveton 7210014GS",,03 9794 7111,,,"DPA@goodstart.org.au","21-25 Liquidamber Street",Doveton,Victoria,3177,Australia,"DPA@goodstart.org.au",CityFM,,,No
City Integrated Maintenance Services (Aus) Pty Ltd,"Goodstart - Drouin 6111252GS",Elaine Barnes,03 5625 4844,0409 813 060,"koy@goodstart.org.au","koy@goodstart.org.au",2 Lindman Street,Drouin,Victoria,3818,Australia,"koy@goodstart.org.au",CityFM,,,No
City Integrated Maintenance Services (Aus) Pty Ltd,"Goodstart - Drysdale",,03 5251 2766,,,"dry@goodstart.org.au","86-90 Barrands Lane",Drysdale,Victoria,3222,Australia,"dry@goodstart.org.au",CityFM,,,No
City Integrated Maintenance Services (Aus) Pty Ltd,"Goodstart - Dubbo - 6110133GS",,02 6884 4300,,,"dub@goodstart.org.au",448 Wheelers Lane,Dubbo,New South Wales,2830,Australia,"dub@goodstart.org.au",CityFM,,,No
City Integrated Maintenance Services (Aus) Pty Ltd,"Goodstart - Echuca 6111328GS",Craig Vasic (RFM),03 5482 1088,0437 118 091,,"kds@goodstart.org.au",112 Northern Highway,Echuca,Victoria,3564,Australia,"kds@goodstart.org.au",CityFM,06/12,"05/22 - AR",No
City Integrated Maintenance Services (Aus) Pty Ltd,"Goodstart - Eltham - 6110028GS",Linda Hingston,03 9439 6433,,"elt@goodstart.org.au","elt@goodstart.org.au",816 Main Road,Eltham,Victoria,3095,Australia,"elt@goodstart.org.au",CityFM,,,No
City Integrated Maintenance Services (Aus) Pty Ltd,"Goodstart - Elwood - 6110991GS",Mary Cunnings (Adel),03 9525 7500,,"kaf@goodstart.org.au","kaf@goodstart.org.au",35 Tennyson Street,Elwood,Victoria,3184,Australia,"kaf@goodstart.org.au",CityFM,,,No
City Integrated Maintenance Services (Aus) Pty Ltd,"Goodstart - Endeavour Hills (Barnsley Drv)",,03 9700 4111,,"ehl@goodstart.org.au","ehl@goodstart.org.au","46-48 Barnsley Drive",Endeavour Hills,Victoria,3802,Australia,"ehl@goodstart.org.au",CityFM,,,No
City Integrated Maintenance Services (Aus) Pty Ltd,"Goodstart - Endeavour Hills (Hanna Drv)",Tamara Taylor,03 9708 0033 / 03 9708 0851,,"end@goodstart.org.au","end@goodstart.org.au","1-3 Hanna Drive",Endeavour Hills,Victoria,3802,Australia,"end@goodstart.org.au",CityFM,,,No
City Integrated Maintenance Services (Aus) Pty Ltd,"Goodstart - Epping (High St) - 6110035GS",Stella D'Aspromonte,03 9408 9989,,"epp@goodstart.org.au","epp@goodstart.org.au","792-796 High Street",Epping,Victoria,3076,Australia,"epp@goodstart.org.au",CityFM,,,No
City Integrated Maintenance Services (Aus) Pty Ltd,"Goodstart - Epping (Pacific Epping Shopping Centre) - 6199230GS",Christine Gandolfo,03 9401 5433,,"eps@goodstart.org.au","eps@goodstart.org.au","Pacific Shopping Centre, 571-583 High Street",Epping,Victoria,3076,Australia,"eps@goodstart.org.au",CityFM,,,No
City Integrated Maintenance Services (Aus) Pty Ltd,"Goodstart - Euroa",Margaret Asquith,03 5795 2266,,"jup@goodstart.org.au","jup@goodstart.org.au",14 Campbell Street,Euroa,Victoria,3666,Australia,"jup@goodstart.org.au",CityFM,,,No
City Integrated Maintenance Services (Aus) Pty Ltd,"Goodstart - Ferntree Gully 6110990GS",Ailsa Cantwell,03 9752 3699,,"kol@goodstart.org.au","kol@goodstart.org.au",724 Burwood Highway,Ferntree Gully,Victoria,3156,Australia,"kol@goodstart.org.au",CityFM,,,No
City Integrated Maintenance Services (Aus) Pty Ltd,"Goodstart - Flemington",Lindsay Carrigan,03 9376 5500,,"fle@goodstart.org.au","fle@goodstart.org.au",442 Racecourse Road,Kensington,Victoria,3031,Australia,"fle@goodstart.org.au",CityFM,,,No
City Integrated Maintenance Services (Aus) Pty Ltd,"Goodstart - Flora Hill",Tamika,03 5441 6596,,"bdg@goodstart.org.au","bdg@goodstart.org.au",32 Somerville Street,Flora Hill,Victoria,3550,Australia,"bdg@goodstart.org.au",CityFM,,,No
City Integrated Maintenance Services (Aus) Pty Ltd,"Goodstart - Forest Hill",Deepti Kapila,03 9878 6544,,"fhl@goodstart.org.au","fhl@goodstart.org.au",2 Fraser Place,Forest Hill,Victoria,3131,Australia,"fhl@goodstart.org.au",CityFM,,,No
City Integrated Maintenance Services (Aus) Pty Ltd,"Goodstart - Frankston South - Frankston Flinders Rd 6111149GS",Nicole Moloney,03 9770 0333,,"lad@goodstart.org.au","lad@goodstart.org.au","134 Frankston - Flinders Road",Frankston South,Victoria,3199,Australia,"lad@goodstart.org.au",CityFM,,,No
City Integrated Maintenance Services (Aus) Pty Ltd,"Goodstart - Frankston South (Stotts Ln)",Katherine Servetas,03 5971 4355,,"fra@goodstart.org.au","fra@goodstart.org.au",77 Stotts Lane,Frankston South,Victoria,3199,Australia,"fra@goodstart.org.au",CityFM,,,No
City Integrated Maintenance Services (Aus) Pty Ltd,"Goodstart - Geelong East","Tarryn, Tanya Otway",03 5222 3656,,"zav@goodstart.org.au","zav@goodstart.org.au",144 McKillop Street,Geelong,Victoria,3220,Australia,"zav@goodstart.org.au",CityFM,,,No
City Integrated Maintenance Services (Aus) Pty Ltd,"Goodstart - Glen Huntly",Tracey Grecco,03 9571 0811,,"cax@goodstart.org.au","cax@goodstart.org.au",112A Booran Road,Glen Huntly,Victoria,3163,Australia,"cax@goodstart.org.au",CityFM,,,No
City Integrated Maintenance Services (Aus) Pty Ltd,"Goodstart - Glenroy (Pascoe Vale Rd)","""Tamara Barton (Tammy) """,03 9304 2788,,"glr@goodstart.org.au","glr@goodstart.org.au","851-853 Pascoe Vale Road",Glenroy,Victoria,3046,Australia,"glr@goodstart.org.au",CityFM,,,No
City Integrated Maintenance Services (Aus) Pty Ltd,"Goodstart - Golden Square","Emily Gerber, Jay",03 5447 0533,,"zcj@goodstart.org.au","zcj@goodstart.org.au",11 Symonds Street,Golden Square,Victoria,3555,Australia,"zcj@goodstart.org.au",CityFM,,,No
City Integrated Maintenance Services (Aus) Pty Ltd,"Goodstart - Goodstart Seven Hills 6111221GS",George Miller (FM),,0447 200 039,,,41 Best Road,Seven Hills,New South Wales,2147,Australia,,CityFM,,,No
City Integrated Maintenance Services (Aus) Pty Ltd,"Goodstart - Greenvale 6110323GS","Penny Beaton, Ellen",03 9333 3533,,"gvl@goodstart.org.au","gvl@goodstart.org.au",2 McNab Way,Greenvale,Victoria,3059,Australia,"gvl@goodstart.org.au",CityFM,,,No
City Integrated Maintenance Services (Aus) Pty Ltd,"Goodstart - Grovedale (Pioneer Rd)",,03 5241 9444,,"gvd@goodstart.org.au","gvd@goodstart.org.au","18-20 Pioneer Road",Grovedale,Victoria,3216,Australia,"gvd@goodstart.org.au",CityFM,,,No
City Integrated Maintenance Services (Aus) Pty Ltd,"Goodstart - Grovedale (Torquay Rd)",Candice Neilson,03 5241 9900,,"gen@goodstart.org.au","gen@goodstart.org.au",282 Torquay Road,Grovedale,Victoria,3216,Australia,"gen@goodstart.org.au",CityFM,,,No
City Integrated Maintenance Services (Aus) Pty Ltd,"Goodstart - Hampton Park (Coral Drv) - 6110332GS",Nathan Robbins (FM),03 9799 9000,0408 760 942,"hmp@goodstart.org.au","hmp@goodstart.org.au",2 Coral Drive,Hampton Park,Victoria,3976,Australia,"hmp@goodstart.org.au",CityFM,,,No
City Integrated Maintenance Services (Aus) Pty Ltd,"Goodstart - Heidelberg - 6110324GS",Malanie Smith,03 9455 2799,,"hei@goodstart.org.au","hei@goodstart.org.au",28 Rosanna Road,Heidelberg,Victoria,3084,Australia,"hei@goodstart.org.au",CityFM,,,No
City Integrated Maintenance Services (Aus) Pty Ltd,"Goodstart - Helensvale 6110056GS",Stuart Leth ( PM ),,0428 656 648,,"stuart.leth@cityfm.com.au",111 Mildura Drive,Helensvale,Queensland,4212,Australia,"stuart.leth@cityfm.com.au",CityFM,,"04/22 - RS",No
City Integrated Maintenance Services (Aus) Pty Ltd,"Goodstart - Hillside 6110939GS",Misty Carter,03 8390 9932,,"kcs@goodstart.org.au","kcs@goodstart.org.au",34 Gourlay Road,Hillside,Victoria,3037,Australia,"kcs@goodstart.org.au",CityFM,,,No
City Integrated Maintenance Services (Aus) Pty Ltd,"Goodstart - Hoppers Crossing - Barber Drv 6110029GS",Janelle Innella,03 9748 4700,,"hop@goodstart.org.au","hop@goodstart.org.au","100-102 Barber Drive",Hoppers Crossing,Victoria,3029,Australia,"hop@goodstart.org.au",CityFM,,,No
City Integrated Maintenance Services (Aus) Pty Ltd,"Goodstart - Hoppers Crossing (Deloraine Drv)",Lynn Armstrong,03 9749 6221,,"kch@goodstart.org.au","kch@goodstart.org.au",1 Deloraine Drive,Hoppers Crossing,Victoria,3029,Australia,"kch@goodstart.org.au",CityFM,,,No
City Integrated Maintenance Services (Aus) Pty Ltd,"Goodstart - Hoppers Crossing (Heaths Rd)",Linda Naylor,03 9742 6622,,"hcw@goodstart.org.au","hcw@goodstart.org.au",350 Heaths Road,Hoppers Crossing,Victoria,3029,Australia,"hcw@goodstart.org.au",CityFM,,,No
City Integrated Maintenance Services (Aus) Pty Ltd,"Goodstart - Hoppers Crossing (Morris Rd)",Rosemarie Overton,03 9748 7966,,"hnt@goodstart.org.au","hnt@goodstart.org.au",285 Morris Road,Hoppers Crossing,Victoria,3029,Australia,"hnt@goodstart.org.au",CityFM,,,No
City Integrated Maintenance Services (Aus) Pty Ltd,"Goodstart - Horsham",Melanie Roberts,03 5382 6533,,"hrs@goodstart.org.au","hrs@goodstart.org.au",10 Madden Street,Horsham,Victoria,3400,Australia,"hrs@goodstart.org.au",CityFM,,,No
City Integrated Maintenance Services (Aus) Pty Ltd,"Goodstart - Hughesdale 6110401GS",Jessica Flahive,03 9570 6443,,"oas@goodstart.org.au","oas@goodstart.org.au",1077 North Road,Hughesdale,Victoria,3166,Australia,"oas@goodstart.org.au",CityFM,,,No
City Integrated Maintenance Services (Aus) Pty Ltd,"Goodstart - Ivanhoe - 6110685GS",Rachel Kylie Lyons,03 9499 8399,,"ivn@goodstart.org.au","ivn@goodstart.org.au",49 Marshall Street,Ivanhoe,Victoria,3079,Australia,"ivn@goodstart.org.au",CityFM,,,No
City Integrated Maintenance Services (Aus) Pty Ltd,"Goodstart - Kangaroo Flat 6110331GS",Pauline,03 5447 2888,,"kft@goodstart.org.au","kft@goodstart.org.au",28 View Street,Kangaroo Flat,Victoria,3555,Australia,"kft@goodstart.org.au",CityFM,,,No
City Integrated Maintenance Services (Aus) Pty Ltd,"Goodstart - Kealba 6110688GS",Diana Aquilina,03 9364 1466,,"klb@goodstart.org.au","klb@goodstart.org.au",31A Driscolls Road,Kealba,Victoria,3021,Australia,"klb@goodstart.org.au",CityFM,,,No
City Integrated Maintenance Services (Aus) Pty Ltd,"Goodstart - Keilor Village",Cushla,03 9331 7911,,"kxv@goodstart.org.au","kxv@goodstart.org.au",36 Kennedy Street,Keilor,Victoria,3036,Australia,"kxv@goodstart.org.au",CityFM,,,No
City Integrated Maintenance Services (Aus) Pty Ltd,"Goodstart - Kincumber",,02 4368 2673,,"kum@goodstart.org.au","kum@goodstart.org.au",6 Bilinga Road,Kincumber,New South Wales,2251,Australia,"kum@goodstart.org.au",CityFM,,,No
City Integrated Maintenance Services (Aus) Pty Ltd,"Goodstart - Kyneton",Laura Pedretti,03 5422 3552,,"kyn@goodstart.org.au","kyn@goodstart.org.au",30 Mair Street,Kyneton,Victoria,3444,Australia,"kyn@goodstart.org.au",CityFM,,,No
City Integrated Maintenance Services (Aus) Pty Ltd,"Goodstart - Langwarrin (Raneen Dr) - 6110387GS","Kristy Johnston, Kylie Kitt",03 9775 6266,,"lat@goodstart.org.au","lat@goodstart.org.au",1 Raneen Drive (455 Cranbourne Rd,Langwarrin,VIC,3910,Australia,"lat@goodstart.org.au",CityFM,,,No
City Integrated Maintenance Services (Aus) Pty Ltd,"Goodstart - Lara",Kristy McKellin,03 5282 3645,,"lah@goodstart.org.au","lah@goodstart.org.au",20 Clover Street,Lara,Victoria,3212,Australia,"lah@goodstart.org.au",CityFM,,,No
City Integrated Maintenance Services (Aus) Pty Ltd,"Goodstart - Lower Plenty - 7210012GS",,(03) 9431 4900,,,"lpx@goodstart.org.au",412 Main Road,Lower Plenty,Victoria,3093,Australia,"lpx@goodstart.org.au",CityFM,,,No
City Integrated Maintenance Services (Aus) Pty Ltd,"Goodstart - Lynbrook - 6111272GS",Naomi Witt,03 9798 0338,,"lyn@goodstart.org.au","lyn@goodstart.org.au",10 Harris Street,Lynbrook,Victoria,3975,Australia,"lyn@goodstart.org.au",CityFM,,,No
City Integrated Maintenance Services (Aus) Pty Ltd,"Goodstart - McKinnon 6111012GS",,03 9578 0266,,"roy@goodstart.org.au","roy@goodstart.org.au",97 Wheatley Road,McKinnon,Victoria,3204,Australia,"roy@goodstart.org.au",CityFM,,,No
City Integrated Maintenance Services (Aus) Pty Ltd,"Goodstart - Meadow Heights",Vinita Singh,03 9308 0366,,"mht@goodstart.org.au","mht@goodstart.org.au",42 Paringa Boulevard,Meadow Heights,Victoria,3048,Australia,"mht@goodstart.org.au",CityFM,,,No
City Integrated Maintenance Services (Aus) Pty Ltd,"Goodstart - Melbourne (Flinders St)",Hayley Mahoney,03 9671 3539,,"gsa@goodstart.org.au","gsa@goodstart.org.au","Level 4, 276 Flinders Street",Melbourne,Victoria,3000,Australia,"gsa@goodstart.org.au",CityFM,,,No
City Integrated Maintenance Services (Aus) Pty Ltd,"Goodstart - Melbourne (La Trobe St)",Purnima Thakur,03 9663 2881,,"mec@goodstart.org.au","mec@goodstart.org.au",211 La Trobe Street,Melbourne,Victoria,3000,Australia,"mec@goodstart.org.au",CityFM,,,No
City Integrated Maintenance Services (Aus) Pty Ltd,"Goodstart - Melton - Centenary Ave 6110942GS","Sharon Allison, Kylie",03 9743 7623,,"kce@goodstart.org.au","kce@goodstart.org.au",158 Centenary Avenue,Kurunjang,Victoria,3337,Australia,"kce@goodstart.org.au",CityFM,,,No
City Integrated Maintenance Services (Aus) Pty Ltd,"Goodstart - Melton (High St)",Rea Torres,03 9746 6388,,"mca@goodstart.org.au","mca@goodstart.org.au","443-445 High Street",Melton,Victoria,3337,Australia,"mca@goodstart.org.au",CityFM,,,No
City Integrated Maintenance Services (Aus) Pty Ltd,"Goodstart - Mentone",Renee Brown,03 7501 7997,,"mqh@goodstart.org.au","mqh@goodstart.org.au","205-207 Nepean Highway",Mentone,Victoria,3194,Australia,"mqh@goodstart.org.au",CityFM,,,No
City Integrated Maintenance Services (Aus) Pty Ltd,"Goodstart - Mildura - Eleventh St 6110802GS",Teleisia (Sia) Moala,03 5021 5288,,"mil@goodstart.org.au","mil@goodstart.org.au",374 Eleventh Street,Mildura,Victoria,3500,Australia,"mil@goodstart.org.au",CityFM,,,No
City Integrated Maintenance Services (Aus) Pty Ltd,"Goodstart - Mildura (Matthew Flinders Drv)",Rhianna,03 5023 5788,,"msu@goodstart.org.au","msu@goodstart.org.au",10 Matthew Flinders Drive,Mildura,Victoria,3500,Australia,"msu@goodstart.org.au",CityFM,,,No
City Integrated Maintenance Services (Aus) Pty Ltd,"Goodstart - Mill Park - University Drv 6110946GS",Nicole Tesch (Lydia 2IC),03 9437 7778,,"kcv@goodstart.org.au","kcv@goodstart.org.au",3 University Drive,Mill Park,Victoria,3082,Australia,"kcv@goodstart.org.au",CityFM,,,No
City Integrated Maintenance Services (Aus) Pty Ltd,"Goodstart - Mill Park (Centenary Drv) - 6110945GS","Stacey, (Sandy 2IC)",03 9436 9499,,"kcr@goodstart.org.au","kcr@goodstart.org.au",156 Centenary Drive,Mill Park,Victoria,3082,Australia,"kcr@goodstart.org.au",CityFM,,,No
City Integrated Maintenance Services (Aus) Pty Ltd,"Goodstart - Moama",,03 5480 9166,,"mma@goodstart.org.au","mma@goodstart.org.au",1 Martin Street,Moama,New South Wales,2731,Australia,"mma@goodstart.org.au",CityFM,,,No
City Integrated Maintenance Services (Aus) Pty Ltd,"Goodstart - Mont Albert 6110854GS",Kamal,03 9890 8846,,"moa@goodstart.org.au","moa@goodstart.org.au",15 Wellesley Street,Mont Albert,Victoria,3127,Australia,"moa@goodstart.org.au",CityFM,,,No
City Integrated Maintenance Services (Aus) Pty Ltd,"Goodstart - Montrose - 6111334GS",Rachael Gay Foley,03 9728 5848,,"koi@goodstart.org.au","koi@goodstart.org.au",158 Swansea Road,Montrose,Victoria,3765,Australia,"koi@goodstart.org.au",CityFM,,,No
City Integrated Maintenance Services (Aus) Pty Ltd,"Goodstart - Moonee Ponds",,03 9370 5597,,"mob@goodstart.org.au","mob@goodstart.org.au",88 Holmes Road,Moonee Ponds,Victoria,3039,Australia,"mob@goodstart.org.au",CityFM,,,No
City Integrated Maintenance Services (Aus) Pty Ltd,"Goodstart - Mooroolbark",Kristy Renae Hammond,03 9725 5755,,"hgv@goodstart.org.au","hgv@goodstart.org.au",11 Cambridge Road,Mooroolbark,Victoria,3138,Australia,"hgv@goodstart.org.au",CityFM,,,No
City Integrated Maintenance Services (Aus) Pty Ltd,"Goodstart - Morwell Central 6199235GS",Taylor Saul,03 4117 3020,,"mxc@goodstart.org.au","mxc@goodstart.org.au",47 McDonald Street,Morwell,Victoria,3840,Australia,"mxc@goodstart.org.au",CityFM,,,No
City Integrated Maintenance Services (Aus) Pty Ltd,"Goodstart - Morwell Commercial Rd 6110780GS",,03 5134 6799,,"mwl@goodstart.org.au","mwl@goodstart.org.au",252 Commercial Road,Morwell,Victoria,3840,Australia,"mwl@goodstart.org.au",CityFM,,,No
City Integrated Maintenance Services (Aus) Pty Ltd,"Goodstart - Mount Clear",,03 5330 2677,,"mcl@goodstart.org.au","mcl@goodstart.org.au",1108 Geelong Road,Mount Clear,Victoria,3350,Australia,"mcl@goodstart.org.au",CityFM,,,No
City Integrated Maintenance Services (Aus) Pty Ltd,"Goodstart - Mount Helen",,03 5330 2499,,"mhn@goodstart.org.au","mhn@goodstart.org.au",1848 Geelong Road,Mount Helen,Victoria,3350,Australia,"mhn@goodstart.org.au",CityFM,,,No
City Integrated Maintenance Services (Aus) Pty Ltd,"Goodstart - Mount Martha - Bentons Rd 6110800GS",Victoria Chapman,03 5976 2811,,"mte@goodstart.org.au","mte@goodstart.org.au",140 Bentons Road,Mount Martha,Victoria,3934,Australia,"mte@goodstart.org.au",CItyFM,,,No
City Integrated Maintenance Services (Aus) Pty Ltd,"Goodstart - Mount Martha - Craigie Rd 6110022GS",,03 5975 0992,,"mtm@goodstart.org.au","mtm@goodstart.org.au",90 Craigie Road,Mount Martha,Victoria,3934,Australia,"mtm@goodstart.org.au",CityFM,,,No
City Integrated Maintenance Services (Aus) Pty Ltd,"Goodstart - Mount Waverley",Kelly Scott,03 9544 5899,,"mtw@goodstart.org.au","mtw@goodstart.org.au",152/45 Gilby Road,Mount Waverley,Victoria,3149,Australia,"mtw@goodstart.org.au",CityFM,,,No
City Integrated Maintenance Services (Aus) Pty Ltd,"Goodstart - Narre Warren - Pound Rd South 6111033GS",Kylie Bartlett,03 8786 5255,,"nwr@goodstart.org.au","nwr@goodstart.org.au",292 Pound Road,Narre Warren South,Victoria,3805,Australia,"nwr@goodstart.org.au",CityFM,,,No
City Integrated Maintenance Services (Aus) Pty Ltd,"Goodstart - Narre Warren (Galloway Drv)",Katalin Isidro,03 9705 6855,,"gdr@goodstart.org.au","gdr@goodstart.org.au",3 Galloway Drive,Narre Warren South,Victoria,3805,Australia,"gdr@goodstart.org.au",CityFM,,,No
City Integrated Maintenance Services (Aus) Pty Ltd,"Goodstart - Narre Warren (Pound Rd North) - 6111035GS",Hana Matthews,03 9796 6616,,"kid@goodstart.org.au","kid@goodstart.org.au",336 Pound Road,Narre Warren South,Victoria,3805,Australia,"kid@goodstart.org.au",CityFM,,,No
City Integrated Maintenance Services (Aus) Pty Ltd,"Goodstart - Narre Warren North (Kurrajong Rd) - 6110949GS",Leonie Marie Galvin,03 9705 2099,,"kcb@goodstart.org.au","kcb@goodstart.org.au","147-149 Kurrajong Road",Narre Warren,Victoria,3805,Australia,"kcb@goodstart.org.au",CityFM,,,No
City Integrated Maintenance Services (Aus) Pty Ltd,"Goodstart - Narre Warren South (Sherwood Rd) - 6110950GS",Kylie Bartlett,03 9704 5066,,"kcc@goodstart.org.au","kcc@goodstart.org.au","21-23 Sherwood Road",Narre Warren South,Victoria,3805,Australia,"kcc@goodstart.org.au",CityFM,,,No
City Integrated Maintenance Services (Aus) Pty Ltd,"Goodstart - New Gisborne",Carmen Esposito,03 5428 1855,,"nwi@goodstart.org.au","nwi@goodstart.org.au",12 Saunders Road,New Gisborne,Victoria,3438,Australia,"nwi@goodstart.org.au",CityFM,,,No
City Integrated Maintenance Services (Aus) Pty Ltd,"Goodstart - Newtown","Katie, Elise",03 5223 3224,,"new@goodstart.org.au","new@goodstart.org.au",15 Aberdeen Street,Newtown,Victoria,3220,Australia,"new@goodstart.org.au",CityFM,,,No
City Integrated Maintenance Services (Aus) Pty Ltd,"Goodstart - Noble Park 6110526GS",Ebonie Williamson,03 9548 2855,,"zau@goodstart.org.au","new@goodstart.org.au","60-75 Douglas Street",Noble Park,Victoria,3174,Australia,"new@goodstart.org.au",CityFM,,,No
City Integrated Maintenance Services (Aus) Pty Ltd,"Goodstart - North Melbourne 6199199GS",Divya Joshi,03 9329 4555,,"nhf@goodstart.org.au","nhf@goodstart.org.au","Level 2, 243-251 Flemington Road",North Melbourne,Victoria,3051,Australia,"nhf@goodstart.org.au",CityFM,,,No
City Integrated Maintenance Services (Aus) Pty Ltd,"Goodstart - Numurkah",Melinda O’Brien,03 5862 1222,,"num@goodstart.org.au",,"131-133 Saxton Street",Numurkah,Victoria,3636,Australia,,,,,No
City Integrated Maintenance Services (Aus) Pty Ltd,"Goodstart - Oakleigh",Leisa Dzikov,03 9569 5403,,"oal@goodstart.org.au",,1655 Dandenong Road,Oakleigh,Victoria,3166,Australia,,,,,No
City Integrated Maintenance Services (Aus) Pty Ltd,"Goodstart - Oakleigh South (Moresby St)",Shaheen Hulavale,03 9551 8606,,"cla@goodstart.org.au",,8 Moresby Street,Oakleigh South,Victoria,3167,Australia,,,,,No
City Integrated Maintenance Services (Aus) Pty Ltd,"Goodstart - Pakenham 6110740GS",Beth Mason,03 5941 7855,,"lsd@goodstart.org.au",,5 Portobello Road,Pakenham,Victoria,3810,Australia,,,,,No
City Integrated Maintenance Services (Aus) Pty Ltd,"Goodstart - Parkdale",Nafisa Chowdhury,,,,,"104-106 Warrigal Road",Parkdale,Victoria,3195,Australia,03/28,,,,No
City Integrated Maintenance Services (Aus) Pty Ltd,"Goodstart - Pascoe Vale (Cumberland Road East)",Christine Andricciola,03 9354 3555,,"psv@goodstart.org.au",,134 Cumberland Road,Pascoe Vale,Victoria,3044,Australia,,,,,No
City Integrated Maintenance Services (Aus) Pty Ltd,"Goodstart - Pascoe Vale (Cumberland Road West)",Bonny Boldwinson,03 9354 3887,,,,105 Cumberland Road,Pascoe Vale,Victoria,3044,Australia,,,,,No
City Integrated Maintenance Services (Aus) Pty Ltd,"Goodstart - Pascoe Vale 6199288GS",Craig Vasic (RFM),03 7071 9032,,,"pvl@goodstart.org.au",220 Cumberland Road,Pascoe Vale,Victoria,3044,Australia,"pvl@goodstart.org.au",CityFM,,,No
City Integrated Maintenance Services (Aus) Pty Ltd,"Goodstart - Point Cook (Lemongrass Cct)",Claire Sutton,03 9395 2533,,"ptc@goodstart.org.au",,21 Lemongrass Circuit,Point Cook,Victoria,3030,Australia,,,,,No
City Integrated Maintenance Services (Aus) Pty Ltd,"Goodstart - Point Cook (Shaftsbury Blvd)",Toni Mackenzie,03 9395 1166,,"pcc@goodstart.org.au",,"1-5 Shaftsbury Boulevard",Point Cook,Victoria,3030,Australia,,,,,No
City Integrated Maintenance Services (Aus) Pty Ltd,"Goodstart - Point Cook (The Strand)",Sarah Mitchell (Rea),03 9395 7477,,"pck@goodstart.org.au",,71 The Strand,Point Cook,Victoria,3030,Australia,,,,,No
City Integrated Maintenance Services (Aus) Pty Ltd,"Goodstart - Portland 6110744GS",Marie Sangeeleemootoo,03 5521 1433,,"pld@goodstart.org.au",,"49-53 Wellington Road",Portland,Victoria,3305,Australia,,,,,No
City Integrated Maintenance Services (Aus) Pty Ltd,"Goodstart - Preston (Dalgety St) - 6199237GS",,03 9976 4722,,,,15 Dalgety Street,Preston,Victoria,3072,Australia,12/05,,,,No
City Integrated Maintenance Services (Aus) Pty Ltd,"Goodstart - Preston (Regent St) - 6110954GS","Kate, Hayley",03 9471 4722,,"kcg@goodstart.org.au",,22A Regent Street,Preston,Victoria,3072,Australia,,,,,No
City Integrated Maintenance Services (Aus) Pty Ltd,"Goodstart - Reservoir 6110994GS",Lina Mostafa,03 9462 2722,,"lih@goodstart.org.au",,"20-22 Gertz Avenue",Reservoir,Victoria,3073,Australia,05/12,,,,No
City Integrated Maintenance Services (Aus) Pty Ltd,"Goodstart - Richmond",,03 9429 5985,,"kiv@goodstart.org.au",,319 Church Street,Richmond,Victoria,3121,Australia,,,,,No
City Integrated Maintenance Services (Aus) Pty Ltd,"Goodstart - Riddells Creek 6111179GS",Lisa,03 5428 6555,,"rik@goodstart.org.au",,701 Kilmore Road,Riddells Creek,Victoria,3431,Australia,,,,,No
City Integrated Maintenance Services (Aus) Pty Ltd,"Goodstart - Ringwood",Karen Ross,03 9876 5686,,"rwd@goodstart.org.au",,203 Warrandyte Road,Ringwood North,Victoria,3134,Australia,,,,,No
City Integrated Maintenance Services (Aus) Pty Ltd,"Goodstart - Rosanna (Banyule Rd) - 6111263GS",Sherilyn Barker,03 9459 3051,,"byp@goodstart.org.au",,"93-97 Banyule Road",Rosanna,Victoria,3084,Australia,05/12,,,,No
City Integrated Maintenance Services (Aus) Pty Ltd,"Goodstart - Rosanna (Bellevue Ave)",,03 7039 0918,,"rra@goodstart.org.au",,"21-25 Bellevue Avenue",Rosanna,Victoria,3084,Australia,,,,,No
City Integrated Maintenance Services (Aus) Pty Ltd,"Goodstart - Rosebud - Eastbourne Rd 6110194GS",Nicola Kennedy,03 5986 1794 ; 03 5896 1697,,"ros@goodstart.org.au",,"166-170 Eastbourne Road",Rosebud,Victoria,3939,Australia,,,,,No
City Integrated Maintenance Services (Aus) Pty Ltd,"Goodstart - Rosebud (Boneo Rd)",Sherilyn Barker,03 5986 7488,,"rcc2@goodstart.org.au",,Boneo Road & Henry Wilson Drive,Capel Sound,Victoria,3940,Australia,,,,,No
City Integrated Maintenance Services (Aus) Pty Ltd,"Goodstart - Rowville - Murrindal Drv 6110322GS",Courtney Silver,03 9759 6777,,"rvl@goodstart.org.au","rvl@goodstart.org.au","93-95 Murrindal Drive",Rowville,Victoria,3178,Australia,,,,,No
City Integrated Maintenance Services (Aus) Pty Ltd,"Goodstart - Rowville - Stud Rd 6110832GS",Charlton Stone,03 9753 3688,,"ron@goodstart.org.au","ron@goodstart.org.au",966 Stud Road,Rowville,Victoria,3178,Australia,,,,,No
City Integrated Maintenance Services (Aus) Pty Ltd,"Goodstart - Rowville (Liberty Avenue)",Clare O’Sullivan,03 9764 4844,,"rou@goodstart.org.au","rou@goodstart.org.au","89-91 Liberty Avenue",Rowville,Victoria,3178,Australia,,,,,No
City Integrated Maintenance Services (Aus) Pty Ltd,"Goodstart - Roxburgh Park (David Munroe Drv)",Kate Tripodi,03 9308 8622,,"rxb@goodstart.org.au",,30 David Munroe Drive,Roxburgh Park,Victoria,3064,Australia,,,,,No
City Integrated Maintenance Services (Aus) Pty Ltd,"Goodstart - Roxburgh Park (Sommeville Drv)",Rebecca D'Alessandro,03 9308 0066,,"let@goodstart.org.au","let@goodstart.org.au","61-65 Sommeville Drive",Roxburgh Park,Victoria,3064,Australia,"let@goodstart.org.au",CityFM,,,No
City Integrated Maintenance Services (Aus) Pty Ltd,"Goodstart - Seymour 6111054GS",Olivia Fleming,03 5799 2855,,"tia@goodstart.org.au","tia@goodstart.org.au",LOT 1 Bishop Street,Seymour,Victoria,3660,Australia,"tia@goodstart.org.au",CityFM,,,No
City Integrated Maintenance Services (Aus) Pty Ltd,"Goodstart - Shepparton - Archer St 6110815GS",Rosemary Hancock,03 5822 2830,,"shs@goodstart.org.au","shs@goodstart.org.au","132-134 Archer Street",Shepparton,Victoria,3630,Australia,"shs@goodstart.org.au",CityFM,,,No
City Integrated Maintenance Services (Aus) Pty Ltd,"Goodstart - Shepparton (Bourchier St)",Jenny Bodle,03 5831 6465,,"kcq@goodstart.org.au","kcq@goodstart.org.au","49-51 Bourchier Street",Shepparton,Victoria,3630,Australia,"kcq@goodstart.org.au",CityFM,,,No
City Integrated Maintenance Services (Aus) Pty Ltd,"Goodstart - Springvale",Kenett George,03 9546 6612,,"svl@goodstart.org.au","svl@goodstart.org.au",9 St James Avenue,Springvale,Victoria,3171,Australia,"svl@goodstart.org.au",CityFM,,,No
City Integrated Maintenance Services (Aus) Pty Ltd,"Goodstart - Springvale South",,03 9574 0844,,"sqv@goodstart.org.au","sqv@goodstart.org.au","554-556 Springvale Road",Springvale South,Victoria,3172,Australia,"sqv@goodstart.org.au",CityFM,,,No
City Integrated Maintenance Services (Aus) Pty Ltd,"Goodstart - Strathfieldsaye 6111004GS",Susan Humbert,03 5439 4711,,"stk@goodstart.org.au","stk@goodstart.org.au",913 Wellington Street,Strathfieldsaye,Victoria,3551,Australia,"stk@goodstart.org.au",CityFM,,,No
City Integrated Maintenance Services (Aus) Pty Ltd,"Goodstart - Sunbury (Barkly St)",Jodie Radas,03 9744 2001,,"sue@goodstart.org.au","sue@goodstart.org.au",43 Barkly Street,Sunbury,Victoria,3429,Australia,"sue@goodstart.org.au",CityFM,,,No
City Integrated Maintenance Services (Aus) Pty Ltd,"Goodstart - Sunbury (Bennett Crt)",Sally Anne Gardner,03 8746 9922,,"scr@goodstart.org.au","scr@goodstart.org.au",24 Bennett Court,Sunbury,Victoria,3429,Australia,"scr@goodstart.org.au",CItyFM,,,No
City Integrated Maintenance Services (Aus) Pty Ltd,"Goodstart - Sunbury (Ligar St)",Donna Dugdale,03 9740 6666,,"suc@goodstart.org.au","suc@goodstart.org.au","19-21 Ligar Street",Sunbury,Victoria,3429,Australia,"suc@goodstart.org.au",CityFM,,,No
City Integrated Maintenance Services (Aus) Pty Ltd,"Goodstart - Swan Hill (Beveridge St)",Kayla Brackley,03 5033 2859,,"zck@goodstart.org.au","zck@goodstart.org.au",100 Beveridge Street,Swan Hill,Victoria,3585,Australia,"zck@goodstart.org.au",CityFM,,,No
City Integrated Maintenance Services (Aus) Pty Ltd,"Goodstart - Swan Hill (Pritchard St)","Carole Ford, Lee",03 5032 5122,,"swh@goodstart.org.au","swh@goodstart.org.au",28A Pritchard Street,Swan Hill,Victoria,3585,Australia,"swh@goodstart.org.au",CityFM,,,No
City Integrated Maintenance Services (Aus) Pty Ltd,"Goodstart - Sydenham 6110956GS","Lynette O’Brien, Charmaine",03 8390 8714,,"kcy@goodstart.org.au","kcy@goodstart.org.au",60 Community Hub,Sydenham,Victoria,3037,Australia,"kcy@goodstart.org.au",CityFM,,,No
City Integrated Maintenance Services (Aus) Pty Ltd,"Goodstart - Tarneit","Miranda Grigg, Amy Wojniusz",03 8742 2566,,"tns@goodstart.org.au","tns@goodstart.org.au",17 David John Drive,Tarneit,Victoria,3029,Australia,"tns@goodstart.org.au",CityFM,,,No
City Integrated Maintenance Services (Aus) Pty Ltd,"Goodstart - Taylors Hill",Davina Hundt,03 9449 7177,,"tah@goodstart.org.au","tah@goodstart.org.au",21 Woollahra Parade,Taylors Hill,Victoria,3037,Australia,"tah@goodstart.org.au",CityFM,,,No
City Integrated Maintenance Services (Aus) Pty Ltd,"Goodstart - Thornbury - 6110391GS",Bianca Welch,03 9484 0233,,"tby@goodstart.org.au","tby@goodstart.org.au","99-101 Harold Street",Thornbury,Victoria,3071,Australia,"tby@goodstart.org.au",CityFM,,,No
City Integrated Maintenance Services (Aus) Pty Ltd,"Goodstart - Thurgoona 6111288GS",Tegan Nolan,02 6043 3277,,"tuo@goodstart.org.au","tuo@goodstart.org.au",11 Feathertop Circuit,Thurgoona,New South Wales,2640,Australia,"tuo@goodstart.org.au",CityFM,,,No
City Integrated Maintenance Services (Aus) Pty Ltd,"Goodstart - Torquay 6110267GS",Melissa (Penny Turner M/L),03 5261 6185,,"tqy@goodstart.org.au","tqy@goodstart.org.au",86 Beach Road,Torquay,Victoria,3228,Australia,"tqy@goodstart.org.au",CityFM,,,No
City Integrated Maintenance Services (Aus) Pty Ltd,"Goodstart - Traralgon - Conway Crt 6110349GS",Linda Reid,03 5176 0440,,"zbd@goodstart.org.au","zbd@goodstart.org.au",1 Conway Court,Traralgon,Victoria,3844,Australia,"zbd@goodstart.org.au",CityFM,,,No
City Integrated Maintenance Services (Aus) Pty Ltd,"Goodstart - Traralgon - Grey St 6110348GS",Cherry Nuguid,03 5174 9866,,"tra@goodstart.org.au","tra@goodstart.org.au",151 Grey Street,Traralgon,Victoria,3844,Australia,"tra@goodstart.org.au",CityFM,,,No
City Integrated Maintenance Services (Aus) Pty Ltd,"Goodstart - Traralgon - Park Lane 6110478GS",Melissa Unmack,03 5174 8880,,"zcn@goodstart.org.au","zcn@goodstart.org.au","42-44 Park Lane",Traralgon,Victoria,3844,Australia,"zcn@goodstart.org.au",CityFM,,,No
City Integrated Maintenance Services (Aus) Pty Ltd,"Goodstart - Tuggerah",,02 4351 0707,,"fif@goodstart.org.au","fif@goodstart.org.au",2 Colony Close,Tuggerah,New South Wales,2259,Australia,"fif@goodstart.org.au",CityFM,,,No
City Integrated Maintenance Services (Aus) Pty Ltd,"Goodstart - Vermont (425 Canterbury Rd North) - 6111027GS",Jodie Goldstraw,03 9873 8400,,"pls@goodstart.org.au","pls@goodstart.org.au",425 Canterbury Road,Vermont,Victoria,3133,Australia,"pls@goodstart.org.au",CityFM,,,No
City Integrated Maintenance Services (Aus) Pty Ltd,"Goodstart - Vermont (522-524 Canterbury Rd South) - 6111324GS",,03 9873 8300,,"trs@goodstart.org.au","trs@goodstart.org.au","522-524 Canterbury Road",Vermont,Victoria,3133,Australia,"trs@goodstart.org.au",CityFM,,,No
City Integrated Maintenance Services (Aus) Pty Ltd,"Goodstart - Wangaratta (Moore St)",Tracey Mcaliece,03 5721 2122,,"zaz@goodstart.org.au","zaz@goodstart.org.au",20 Moore Street,Wangaratta,Victoria,3677,Australia,"zaz@goodstart.org.au",CityFM,,,No
City Integrated Maintenance Services (Aus) Pty Ltd,"Goodstart - Wangaratta (Murdoch Rd)",Janice Grady,03 5722 2099,,"wge@goodstart.org.au","wge@goodstart.org.au","38-40 Murdoch Road",Wangaratta,Victoria,3677,Australia,"wge@goodstart.org.au",CityFM,,,No
City Integrated Maintenance Services (Aus) Pty Ltd,"Goodstart - Wangaratta (Williams Rd)",Nicole Jackson,03 5722 9903,,"wga@goodstart.org.au","wga@goodstart.org.au","54-58 Williams Road",Wangaratta,Victoria,3677,Australia,"wga@goodstart.org.au",CityFM,,,No
City Integrated Maintenance Services (Aus) Pty Ltd,"Goodstart - Wantirna 6110071GS",Lauren Poppenbeck,03 9720 8044,,"wan@goodstart.org.au","wan@goodstart.org.au",309 Mountain Highway,Wantirna,Victoria,3152,Australia,"wan@goodstart.org.au",CityFM,,,No
City Integrated Maintenance Services (Aus) Pty Ltd,"Goodstart - Wantirna South - Cathies Ln 6110654GS",Carly Donnellan,03 9887 1436,,"knx@goodstart.org.au","knx@goodstart.org.au",51 Cathies Lane,Wantirna South,Victoria,3152,Australia,"knx@goodstart.org.au",CityFM,,,No
City Integrated Maintenance Services (Aus) Pty Ltd,"Goodstart - Wantirna South (Wallace Rd)",Chloe Van Vugt,03 9887 2644,,"was@goodstart.org.au","was@goodstart.org.au",1A Wallace Road,Wantirna South,Victoria,3152,Australia,"was@goodstart.org.au",CityFM,,,No
City Integrated Maintenance Services (Aus) Pty Ltd,"Goodstart - Warragul - Burke St 6110957GS",Natalie Curmi,03 5622 2787,,"kcx@goodstart.org.au","kcx@goodstart.org.au",75 Burke Street,Warragul,Victoria,3820,Australia,"kcx@goodstart.org.au",CityFM,,,No
City Integrated Maintenance Services (Aus) Pty Ltd,"Goodstart - Warragul - Sutton St 6110958GS",Deborah Norfold,03 5622 0900,,"kcz@goodstart.org.au","kcz@goodstart.org.au",201 Sutton Street,Warragul,Victoria,3820,Australia,"kcz@goodstart.org.au",CityFM,,,No
City Integrated Maintenance Services (Aus) Pty Ltd,"Goodstart - Warrnambool",Dianah McDonald,03 5561 5322 ; 03 5561 3157,,"wrn@goodstart.org.au","wrn@goodstart.org.au",121 Whites Road,Warrnambool,Victoria,3280,Australia,"wrn@goodstart.org.au",CityFM,,,No
City Integrated Maintenance Services (Aus) Pty Ltd,"Goodstart - Waurn Ponds","Taryn Beatty, Tori",03 5243 9392,,"gsd@goodstart.org.au","gsd@goodstart.org.au",Cnr Baxter Drive & Nicol Drive South,Waurn Ponds,Victoria,3216,Australia,"gsd@goodstart.org.au",CityFM,,,No
City Integrated Maintenance Services (Aus) Pty Ltd,"Goodstart - Wendouree",Linda Wright (Donna 2IC),03 5339 1311,,"wen@goodstart.org.au","wen@goodstart.org.au",1122 Howitt Street,Wendouree,Victoria,3355,Australia,"wen@goodstart.org.au",CityFM,,,No
City Integrated Maintenance Services (Aus) Pty Ltd,"Goodstart - Werribee",Lucinda Greed,03 9749 8088,,"aui@goodstart.org.au","aui@goodstart.org.au","39-41 Duncans Road",Werribee,Victoria,3030,Australia,"aui@goodstart.org.au",CityFM,,,No
City Integrated Maintenance Services (Aus) Pty Ltd,"Goodstart - West Melton 6110943GS",Debbie Wakefield,03 9743 3112,,"kcl@goodstart.org.au","kcl@goodstart.org.au","12-14 James Cook Drive",Melton West,Victoria,3337,Australia,"kcl@goodstart.org.au",CityFM,,,No
City Integrated Maintenance Services (Aus) Pty Ltd,"Goodstart - Wodonga",Susan Phung,02 6056 8548,,"woc@goodstart.org.au","woc@goodstart.org.au",137 Brockley Street,Wodonga,Victoria,3690,Australia,"woc@goodstart.org.au",CityFM,,,No
City Integrated Maintenance Services (Aus) Pty Ltd,"Goodstart - Woodend",Matina Niehs,03 5427 2241,,"jul@goodstart.org.au","jul@goodstart.org.au",12 Wood Street,Woodend,Victoria,3442,Australia,"jul@goodstart.org.au",CityfM,,,No
City Integrated Maintenance Services (Aus) Pty Ltd,"Goodstart - Yarrawonga 6110764GS",Tara Middleton,03 5743 3501,,"yar@goodstart.org.au","yar@goodstart.org.au","69-71 Telford Street",Yarrawonga,Victoria,3730,Australia,"yar@goodstart.org.au",CityFM,,,No
City Integrated Maintenance Services (Aus) Pty Ltd,"Goodstart - Young",,02 6382 4944,,"you@goodstart.org.au","you@goodstart.org.au",260 Boorowa Street,Young,New South Wales,2594,Australia,"you@goodstart.org.au",CityFM,,,No
City Integrated Maintenance Services (Aus) Pty Ltd,Goodstart Albury,Shane Peterson,1800 222 543,0408 694 860,"enquiries@goodstart.org.au","enquiries@goodstart.org.au",785 Mate Street,North Albury,New South Wales,2640,Australia,"enquiries@goodstart.org.au",CityFM,,,No
City Integrated Maintenance Services (Aus) Pty Ltd,"Goodstart Albury - Banff Ave 6110121GS",,02 6021 1284,0437 118 091,,"ace@goodstart.org.au","670-674 Banff Avenue",Albury,New South Wales,2640,Australia,"ace@goodstart.org.au",CityFM,06/12,"05/22 - AR",No
City Integrated Maintenance Services (Aus) Pty Ltd,Goodstart Aspendale Gardens 6111026GS,Lian Xerri (FM),03 9773 8999,0492 455 836,,"plp@goodstart.org.au",6 Springvale Road,Aspendale Gardens,Victoria,3195,Australia,"plp@goodstart.org.au",CityFM,,,No
City Integrated Maintenance Services (Aus) Pty Ltd,Goodstart Early Learning Beachmere,,,0447 116 355,,"david.boocock@cityfm.com.au",2 James Road,Beachmere,Queensland,4510,Australia,,,,,No
City Integrated Maintenance Services (Aus) Pty Ltd,"Goodstart Early Learning Kenmore - Princeton Street",David Boocock,,0447 116 355,,"david.boocock@cityfm.com.au",16 Princeton Street,Kenmore,Queensland,4069,Australia,,,,,No
City Integrated Maintenance Services (Aus) Pty Ltd,Goodstart Early Learning Prospect Vale,Christopher Brooke,,0417 959 345,,"Christopher.Brooke@cityfm.com.au",5 Stuart Avenue,Prospect Vale,Tasmania,7250,Australia,,CityFM,,,No
City Integrated Maintenance Services (Aus) Pty Ltd,Goodstart Forest Hill (Canterbury Rd),,03 8864 5100,,"enrolments@goodstart.org.au","enrolments@goodstart.org.au",333A Canterbury Road,Forest Hill,Victoria,3131,Australia,"enrolments@goodstart.org.au",CityFM,,,No
City Integrated Maintenance Services (Aus) Pty Ltd,Goodstart Garran ACT,,02 6281 1522,,"gar@goodstart.org.au","gar@goodstart.org.au","Pinocchio Child Care Centre, 15 Robson Street",Garran,Australian Capital Territory,2605,Australia,"gar@goodstart.org.au",CityFM,,,No
City Integrated Maintenance Services (Aus) Pty Ltd,Goodstart Glengala (Talintyre rd),,(03) 70719033,,"GGK@goodstart.org.au","GGK@goodstart.org.au",40 A Talintyre Road,Sunshine West,Victoria,3020,Australia,"GGK@goodstart.org.au",CityFM,,,No
City Integrated Maintenance Services (Aus) Pty Ltd,"Goodstart -Hampton Park - Somerville Rd 6110358GS",Danielle Watson,03 9799 1174,,"hap@goodstart.org.au","hap@goodstart.org.au",160 Somerville Road,Hampton Park,Victoria,3976,Australia,"hap@goodstart.org.au",CityFM,,,No
City Integrated Maintenance Services (Aus) Pty Ltd,Goodstart Pakenham 6110740GS,,,,,,,Pakenham,Victoria,3810,Australia,,,,,Yes
City Integrated Maintenance Services (Aus) Pty Ltd,Goodstart Watsonia,Erin,03 8437 4500,,,"enrolments@goodstart.org.au","69-71 Devonshire Road",Watsonia,Victoria,3087,Australia,,,,,No
City Integrated Maintenance Services (Aus) Pty Ltd,"Jindi Kindergarten & Extended Care - 6199188GS",Jodie Gooch,03 9717 0414,,"GSN@goodstart.org.au","GSN@goodstart.org.au",48 Breadalbane Avenue,Mernda,Victoria,3754,Australia,"GSN@goodstart.org.au",CityFM,,,No
City Integrated Maintenance Services (Aus) Pty Ltd,"Kmart - Eastland",,,,,,Maroondah Highway,Ringwood,Victoria,3134,Australia,10/20,,,,No
City Integrated Maintenance Services (Aus) Pty Ltd,"Kmart - Moe",James Choy,,0480 363 379,,"James.Choy@city-holdings.com.au",110 Albert Street,Moe,Victoria,3825,Australia,,,,,No
City Integrated Maintenance Services (Aus) Pty Ltd,Melbourne Airport,,,,,,Gowrie Park Drive,Melbourne Airport,Victoria,3045,Australia,,,,,No
City Integrated Maintenance Services (Aus) Pty Ltd,"Minifie Park Early Childhood Centre - 6199225GS",,03 9857 8376,,"mxp@goodstart.org.au",,290 Belmore Road,Balwyn,Victoria,3103,Australia,,,,,No
City Integrated Maintenance Services (Aus) Pty Ltd,"MyCar - Murumbeena",,,,,,,,,,,,,,,No
City Integrated Maintenance Services (Aus) Pty Ltd,New Boronia,,,,,,"19-21 Iris Crescent",Boronia,Victoria,3155,Australia,,,,,No
City Integrated Maintenance Services (Aus) Pty Ltd,"Nido - Nido Early School Sunshine SUNS3ND",Manohar Dawadi,03 9968 7278,0408 507 558,"sunshine@nido.edu.au","sunshine@nido.edu.au","2-6 Monash Street",Sunshine,Victoria,3020,Australia,"sunshine@nido.edu.au",CityFM,,,No
City Integrated Maintenance Services (Aus) Pty Ltd,Nido Early School Ascot Vale ASCO3ND,Ian Howlett (FM),(03) 9039 1919,0497 304 814,"ascotvale@nido.edu.au","ascotvale@nido.edu.au","level 1/199-203 Union Road",Ascot Vale,Victoria,3032,Australia,"ascotvale@nido.edu.au",CityFM,,,No
City Integrated Maintenance Services (Aus) Pty Ltd,Nido Early School Avondale Heights AVON3ND,Ian Howlett (FM),(03) 7036 0139,0497 304 814,"avondaleheights@nido.edu.au","avondaleheights@nido.edu.au",7 Clarendon Street,Avondale Heights,Victoria,3034,Australia,"avondaleheights@nido.edu.au",CityFM,,,No
City Integrated Maintenance Services (Aus) Pty Ltd,Nido Early School Blackburn BLAC3ND,Ian Howlett (FM),(03) 9039 1925,0497 304 814,"blackburn@nido.edu.au","blackburn@nido.edu.au","64-66 South Parade",Blackburn,Victoria,3130,Australia,"blackburn@nido.edu.au",CityFM,,,No
City Integrated Maintenance Services (Aus) Pty Ltd,Nido Early School Bulleen BULL3ND,Ian Howlett (FM),(03) 9039 1922,0497 304 814,"bulleen@nido.edu.au","bulleen@nido.edu.au",29 Manningham Road,Bulleen,Victoria,3105,Australia,"bulleen@nido.edu.au",CityFM,,,No
City Integrated Maintenance Services (Aus) Pty Ltd,Nido Early School Chadstone CHAD3ND,Ian Howlett (FM),(03) 7036 0246,0497 304 814,"chadstone@nido.edu.au","chadstone@nido.edu.au","321-323 Huntingdale Road",Chadstone,Victoria,3148,Australia,"chadstone@nido.edu.au",CityFM,,,No
City Integrated Maintenance Services (Aus) Pty Ltd,Nido Early School Clyde North CLYD3ND,Ian Howlett (FM),(03) 5929 2947,0497 304 814,"clydenorth@nido.edu.au","clydenorth@nido.edu.au",3 Matterhorn Drive,Clyde North,Victoria,3978,Australia,"clydenorth@nido.edu.au",CityFM,,,No
City Integrated Maintenance Services (Aus) Pty Ltd,Nido Early School Coburg North COBU3ND,Ian Howlett (FM),(03) 7038 3526,0497 304 814,"coburgnorth@nido.edu.au","coburgnorth@nido.edu.au",168/170 Elizabeth Street,Coburg North,Victoria,3073,Australia,"coburgnorth@nido.edu.au",CityFM,,,No
City Integrated Maintenance Services (Aus) Pty Ltd,Nido Early School Essendon ESSE3ND,Ian Howlett (FM),(03) 9039 1913,0497 304 814,"essendon@nido.edu.au","essendon@nido.edu.au",37 Raleigh Street,Essendon,Victoria,3040,Australia,"essendon@nido.edu.au",CityFM,,,No
City Integrated Maintenance Services (Aus) Pty Ltd,Nido Early School Ferntree Gully FERN3ND,Ian Howlett (FM),(03) 7036 0354,0497 304 814,"ferntreegully@nido.edu.au","ferntreegully@nido.edu.au",2 Francis Crescent,Ferntree Gully,Victoria,3156,Australia,"ferntreegully@nido.edu.au",CityFM,,,No
City Integrated Maintenance Services (Aus) Pty Ltd,Nido Early School Kingsbury KING3ND,Ian Howlett (FM),(03) 9039 1923,0497 304 814,"kingsbury@nido.edu.au","kingsbury@nido.edu.au",1019 Plenty Road,Kingsbury,Victoria,3083,Australia,"kingsbury@nido.edu.au",CityFM,,,No
City Integrated Maintenance Services (Aus) Pty Ltd,Nido Early School Long Gully LONG3ND,,(03) 4400 9078,,,"longgully@nido.edu.au",218 Eaglehawk Road,Long Gully,Victoria,3550,Australia,"longgully@nido.edu.au",CityFM,,,No
City Integrated Maintenance Services (Aus) Pty Ltd,Nido Early School Melbourne Square MELB3ND,Ian Howlett (FM),(03) 8566 7259,0497 304 814,"melbournesquare@nido.edu.au","melbournesquare@nido.edu.au","97-101 Kavanagh Street",Southbank,Victoria,3006,Australia,"melbournesquare@nido.edu.au",CityFM,,,No
City Integrated Maintenance Services (Aus) Pty Ltd,Nido Early School Ocean Grove OCEA3ND,Ian Howlett (FM),(03) 7019 9265,0497 304 814,"oceangrove@nido.edu.au","oceangrove@nido.edu.au",1/3 Goodwell Drive,Ocean Grove,Victoria,3226,Australia,"oceangrove@nido.edu.au",CityFM,,,No
City Integrated Maintenance Services (Aus) Pty Ltd,Nido Early School Ormond ORMO3ND,Ian Howlett (FM),(03) 7019 9116,0497 304 814,"ormond@nido.edu.au","ormond@nido.edu.au","255-257 Tucker Road",Ormond,Victoria,3204,Australia,"ormond@nido.edu.au",CityFM,,,No
City Integrated Maintenance Services (Aus) Pty Ltd,Nido Early School Rosanna ROSA3ND,Ian Howlett (FM),(03) 7036 0210,0497 304 814,"rosanna@nido.edu.au","rosanna@nido.edu.au",232 Waiora Road,Rosanna,Victoria,3084,Australia,"rosanna@nido.edu.au",CityFM,,,No
City Integrated Maintenance Services (Aus) Pty Ltd,Nido Early School Seaford SEAF3ND,Ian Howlett (FM),(03) 7038 3548,0497 304 814,"seaford@nido.edu.au","seaford@nido.edu.au",44 Galway Street,Seaford,Victoria,3198,Australia,"seaford@nido.edu.au",CityFM,,,No
City Integrated Maintenance Services (Aus) Pty Ltd,Nido Early School Werribee WERR3ND,Ian Howlett (FM),(03) 7019 9185,0497 304 814,"werribee@nido.edu.au","werribee@nido.edu.au",20 Roth Street,Werribee,Victoria,3030,Australia,"werribee@nido.edu.au",CityFM,,,No
City Integrated Maintenance Services (Aus) Pty Ltd,Nido Early School Wyndham Vale WYND3ND,Ian Howlett (FM),(03) 7019 9398,0497 304 814,"wyndhamvale@nido.edu.au","wyndhamvale@nido.edu.au",9 Welcome Parade,Wyndham Vale,Victoria,3024,Australia,"wyndhamvale@nido.edu.au",CityFM,,,No
City Integrated Maintenance Services (Aus) Pty Ltd,Nido Early School Yallambie YALL3ND,Ian Howlett (FM),(03) 9039 1903,0497 304 814,"yallambie@nido.edu.au","yallambie@nido.edu.au",2 Crew Street,Yallambie,Victoria,3085,Australia,"yallambie@nido.edu.au",CityFM,,,No
City Integrated Maintenance Services (Aus) Pty Ltd,"Red Cross - Caulfield",,,,,,322 Hawthorn Road,Caulfield,Victoria,3162,Australia,,,,,No
City Integrated Maintenance Services (Aus) Pty Ltd,"Red Cross - West Gosford",,,,,,,,,,,,,,,No
City Integrated Maintenance Services (Aus) Pty Ltd,"Revo - Braybrook",Ian Howlett (FM),1300738638,0497 304 814,"Braybrook@revofitness.com.au","Braybrook@revofitness.com.au",2/330 Ballarat Road,Braybrook,Victoria,3019,Australia,"Braybrook@revofitness.com.au",CityFM,,,No
City Integrated Maintenance Services (Aus) Pty Ltd,"Revo - Chadstone 30066RF",Ian Howlett (FM),1300738638,0497 304 814,"Chadstone@revofitness.com.au","Chadstone@revofitness.com.au","675-685 Warrigal Road",Chadstone,Victoria,3148,Australia,"Chadstone@revofitness.com.au",CityFM,,,No
City Integrated Maintenance Services (Aus) Pty Ltd,"Revo - Cranbourne 30042RF",Ian Howlett (FM),1300 738 638,0497 304 814,"Cranbourne@revofitness.com.au","Cranbourne@revofitness.com.au","18/350-398 South Gippsland Highway",Cranbourne,Victoria,3977,Australia,"Cranbourne@revofitness.com.au",CityFM,,,No
City Integrated Maintenance Services (Aus) Pty Ltd,"Revo - Epping",Ian Howlett (FM),1300738638,0497 304 814,"Epping@revofitness.com.au","Epping@revofitness.com.au",20 Jovic Road,Epping,Victoria,3076,Australia,"Epping@revofitness.com.au",CityFM,,,No
City Integrated Maintenance Services (Aus) Pty Ltd,"Revo - Frankston",Ian Howlett (FM),1300738638,0497 304 814,"Frankston@revofitness.com.au","Frankston@revofitness.com.au","Bayside Centre, 28 Beach Street",Frankston,Victoria,3199,Australia,"Frankston@revofitness.com.au",CityFM,,,No
City Integrated Maintenance Services (Aus) Pty Ltd,"Revo - Hoppers Crossing 30063RF",Ian Howlett (FM),1300738638,0497 304 814,,"hopperscrossing@revofitness.com.au","tenancy 2/57-69 Forsyth Road",Hoppers Crossing,Victoria,3029,Australia,"hopperscrossing@revofitness.com.au",CityFM,,,No
City Integrated Maintenance Services (Aus) Pty Ltd,"Revo - HQ - South Melbourne 30075RF",Lisa Edwards,,0447 792 245,,"lisa.edwards@city-holdings.com.au",level 2/71 Palmerston Crescent,South Melbourne,Victoria,3205,Australia,,CityFM,,,No
City Integrated Maintenance Services (Aus) Pty Ltd,"Revo - Knoxfield",Ian Howlett (FM),1300 738 638,0497 304 814,"knoxfield@revofitness.com.au","knoxfield@revofitness.com.au",tenancy 6/1464 Ferntree Gully Road,Knoxfield,Victoria,3180,Australia,"knoxfield@revofitness.com.au",CityFM,,,No
City Integrated Maintenance Services (Aus) Pty Ltd,"Revo - Langwarrin",Ian Howlett (FM),1300 738 638,0497 304 814,"langwarrin@revofitness.com.au","langwarrin@revofitness.com.au","The Gateway, 230 Cranbourne-Frankston Road",Langwarrin,Victoria,3910,Australia,"langwarrin@revofitness.com.au",CityFM,,,No
City Integrated Maintenance Services (Aus) Pty Ltd,"Revo - Maribyrnong",Ian Howlett (FM),,0497 304 814,"Maribyrnong@revofitness.com.au","Maribyrnong@revofitness.com.au","Highpoint Shopping Centre, 120-200 Rosamond Road",Maribyrnong,Victoria,3032,Australia,"Maribyrnong@revofitness.com.au",CityFM,,,No
City Integrated Maintenance Services (Aus) Pty Ltd,"Revo - Mentone",Ian Howlett (FM),1300 738 638,0497 304 814,"mentone@revofitness.com.au","mentone@revofitness.com.au",3 Nepean Highway,Mentone,Victoria,3194,Australia,"mentone@revofitness.com.au",CityFM,,,No
City Integrated Maintenance Services (Aus) Pty Ltd,"Revo - Moorabbin Airport",Ian Howlett (FM),1300 738 638,0497 304 814,,"moorabbinairport@revofitness.com.au","Kingston Central Plaza, Moorabbin Airport, 288 Centre Dandenong Road",Mentone,Victoria,3194,Australia,"moorabbinairport@revofitness.com.au",CityFM,,,No
City Integrated Maintenance Services (Aus) Pty Ltd,"Revo - Narre Warren",Ian Howlett (FM),1300 738 638,0497 304 814,,"narrewarren@revofitness.com.au",55 Overland Drive,Narre Warren,Victoria,3805,Australia,"narrewarren@revofitness.com.au",CityFM,,,No
City Integrated Maintenance Services (Aus) Pty Ltd,"Revo - Noble Park",Ian Howlett (FM),1300 738 638,0497 304 814,"noblepark@revofitness.com.au","noblepark@revofitness.com.au",unit 5/450 Princes Highway,Noble Park North,Victoria,3174,Australia,"noblepark@revofitness.com.au",CityFM,,,No
City Integrated Maintenance Services (Aus) Pty Ltd,"Revo - Nunawading",Ian Howlett (FM),1300738638,0497 304 814,"nunawading@revofitness.com.au","nunawading@revofitness.com.au",288 Whitehorse Road,Nunawading,Victoria,3131,Australia,"nunawading@revofitness.com.au",CityFM,,,No
City Integrated Maintenance Services (Aus) Pty Ltd,"Revo - Plenty Valley",Ian Howlett (FM),1300 738 638,0497 304 814,,"plentyvalley@revofitness.com.au",415 McDonalds Road,Mill Park,Victoria,3082,Australia,"plentyvalley@revofitness.com.au",CityFM,,,No
City Integrated Maintenance Services (Aus) Pty Ltd,"Revo - Richmond",Ian Howlett (FM),1300738638,0497 304 814,,"richmond@revofitness.com.au","101-103 Palmer Street",Richmond,Victoria,3121,Australia,"richmond@revofitness.com.au",CityFM,,,No
City Integrated Maintenance Services (Aus) Pty Ltd,"Revo - Southland",Ian Howlett (FM),1300 738 638,0497 304 814,,"southland@revofitness.com.au",1239 Nepean Highway,Cheltenham,Victoria,3192,Australia,"southland@revofitness.com.au",CityFM,,,No
City Integrated Maintenance Services (Aus) Pty Ltd,"Revo - Springvale",Ian Howlett (FM),1300738638,0497 304 814,,"springvale@revofitness.com.au","754-768 Princes Highway",Springvale,Victoria,3171,Australia,"springvale@revofitness.com.au",CityFM,,,No
City Integrated Maintenance Services (Aus) Pty Ltd,"Revo -Ballarat",Ian Howlett (FM),1300738638,0497 304 814,,"hopperscrossing@revofitness.com.au","level 1/1-15 Bridge Mall",Ballarat Central,Victoria,3350,Australia,"hopperscrossing@revofitness.com.au",CityFM,,,No
City Integrated Maintenance Services (Aus) Pty Ltd,"Riverside Park, 69 Central Coast Hwy, West Gosford NSW 2250",,,,,,"Riverside Park, 69 Central Coast Highway",West Gosford,New South Wales,2250,Australia,,,,,No
City Integrated Maintenance Services (Aus) Pty Ltd,Templestowe 0549CH,,,,,,"185-187 Manningham Road",Templestowe Lower,Victoria,3107,Australia,,,,,No
City Integrated Maintenance Services (Aus) Pty Ltd,Wangaratta,,,,,,,,,,,,,,,Yes
City Integrated Maintenance Services (Aus) Pty Ltd,Watsonia,,,,,,,,,,,,,,,Yes
Construction By Design,Graff Melbourne,Jeremy Ghattas,8881 9999,0423 576 622,,"JEREMY@CONSTRUCTIONBYDESIGN.COM.AU",107 Collins Street,Melbourne,Victoria,3000,Australia,,,,,No
Construction Zone,Emporium Melbourne,,,,,,287 Lonsdale Street,Melbourne,Victoria,3000,Australia,,,,,No
Construction Zone,"Zone Bowling - Frankston",,,,,,229 Cranbourne Road,Frankston,Victoria,3199,Australia,,,,,No
Core Realty,39 Coventry Street,,,,,,1719/39 Coventry Street,South Melbourne,Victoria,3205,Australia,,,,,No
Core4 Property Services,Marvel Stadium Superstore,,,,,,,,,,,,,,,No
Craig Billing,"2/7 Central Ave, Mooroolbark",,,0424 787 075,,,2/7 Central Avenue,Mooroolbark,Victoria,3138,Australia,,,,,No
Craig Billing,Cranbourne,,,,,,,Cranbourne ,,,,,,,,No
Craig Billing,OFFICE,,,,,,,,,,,,,,,No
Craig Test,Croydon Supermarket,Peter,1234,1245,,,,,,,,9876,,,,No
Craig Test,Power Avenue,Rebecca,0431230863,,,"rebeccarose.b@hotmail.com",,,,,,1234,,,,No
Crystal Clear Flooring,"220B Roberts St, Yarraville",,,,,,220B Roberts Street,Yarraville,Victoria,3013,Australia,,,,,No
CVA,"137-145 Rooks Road, Nunawading",Michael Wright,03 9623 2552,0418 308 020,,"Michael.Wright@cva.melbourne","137-145 Rooks Road",Nunawading,Victoria,3131,Australia,,,,,No
CVA,1b Matisi Street,,,,,,1b Matisi Street,Thornbury,Victoria,3071,Australia,,,,,No
CVA,"45 Corporate Bvd, Bayswater",,,,,,,,,,,,,,,No
CVA,"6/27-33 Thornton Crescent Mitcham",,,,,,"6/27-33 Thornton Crescent",Mitcham,Victoria,3132,Australia,,,,,No
CVA,601 Lt. Collins Street,Max,,0407 770 000,,"aamax@bigpond.com, capewrath@ymail.com",601 Little Collins Street,Melbourne,Victoria,3000,Australia,,,,,No
CVA,90 Hazel Glen Drive Doreen,,,,,,90 Hazel Glen Drive,Doreen,Victoria,3754,Australia,,,,,No
CVA,"93a Heatherdale Rd, Ringwood",,,,,,93a Heatherdale Road,Ringwood,Victoria,3134,Australia,,,,,No
CVA,CVA Collingwood,Duke Reid,,0401 573 282,,"duke.reid@cva.melbourne",93a Heatherdale Road,Ringwood,Victoria,3134,Australia,,,,,No
CVA,"Knoxfield, Ferntree Gulley Rd",,,,,,1498 Ferntree Gully Road,Knoxfield,Victoria,3180,Australia,,,,,No
CVA,Point Cook,,,,,,"22-30 Wallace Avenue",Point Cook,Victoria,3030,Australia,,,,,No
CVA,"Salmon St, Port Melbourne",Michael Wright,03 9623 2552,0418308020,,"michael.wright@cva.melbourne",77 Salmon Street,Port Melbourne,Victoria,3207,Australia,08/16,,08/25,,No
CVA,Tesmar Circuit,lorna burgess,0419 359 273,,,"lorna.burgess@cva.melbourne",,,,,,,,,,No
Daniel Klarnet,Glen Huntly,,,,,,,,,,,,,,,No
Darras & Zervas Estate Agents,"46 Prince Charles St, Clayton",,,,,,46 Prince Charles Street,Clayton,Victoria,3168,Australia,,,,,No
David Meadows,David,,,,,,30 William Street,Preston,Victoria,3072,Australia,,,,,No
David Tennant,"919 Rathdown St, Carlton North",,,,,,191 Rathdowne Street,Carlton,Victoria,3053,Australia,,,,,No
DB Realty,"1 Spenser Street, St Kilda VIC",Ramona Albrecht,9530 0838,,,"ramona@dbrealty.com.au",1 Spenser Street,St Kilda,Victoria,3182,Australia,,,,,No
DB Realty,10 Narong Road Caulfield North,,,,,,,,,,,,,,,No
DB Realty,139 Alma Road St Kilda,Ramona Albrecht,,,,,139 Alma Road,Saint Kilda East,Victoria,3183,Australia,,,,,No
DB Realty,"1399-1401 Dandenong Road",,,,,,,,,,,,,,,No
DB Realty,"14-18 Anderson St, Caulfield VIC",Ramona Albrecht,,,,"ramona@dbrealty.com.au","14-18 Anderson Street",Caulfield,Victoria,3162,Australia,,,,,No
DB Realty,"15-17 Crimea Street",,,,,,"15-17 Crimea Street",St Kilda,Victoria,3182,Australia,,,,,No
DB Realty,1609/83 Queens Road,,,0401 668 928,,"rentals@dbrealty.com.au",1609/83 Queens Road,Melbourne,Victoria,3004,Australia,,,,,No
DB Realty,"163-169 Inkerman Street, St Kilda",,,,,,"163-169 Inkerman Street",St Kilda,Victoria,3182,Australia,,,,,No
DB Realty,18 Victoria Street,,,,,,18 Victoria Street,Elsternwick,Victoria,3185,Australia,,,,,No
DB Realty,"20 Prahran Grove, Elsternwick",Ramona Albrecht,03 9530 0838,,,"bodycorp@dbrealty.com.au",20 Prahran Grove,Elsternwick,Victoria,3185,Australia,,,,,No
DB Realty,22 Wyuna Road,,,,,,,,,,,,,,,No
DB Realty,24 Avoca Street South Yarra,Ramona Albrecht,,,,,24 Avoca Street,South Yarra,Victoria,3141,Australia,,,,"06/12 - GN",No
DB Realty,"24 Pental Road, Caulfield North",Ramona Albrecht,03 9530 0838,,,"ramona@dbrealty.com.au",24 Pental Road,Caulfield North,Victoria,3161,Australia,,,,,No
DB Realty,271 Balaclava Rd,,,,,,,,,,,,,,,No
DB Realty,"34-44 Regent Street",,,,,,"34-44 Regent Street",Elsternwick,Victoria,3185,Australia,,,,,No
DB Realty,"362-364 Burwood hwy",,,,,,"362-364 Burwood Highway",Burwood,Victoria,3151,Australia,,,,,No
DB Realty,373 Toorak Road,Paul Hyman,,"bodycorp@dbrealty.com.au",,,,,,,,,,,,No
DB Realty,"39 Kooyong Road, Caulfield North",Ramona Albrecht,03 9530 0838,,,"bodycorp@dbrealty.com.au",39 Kooyong Road,Caulfield North,Victoria,3161,Australia,,,,,No
DB Realty,4 Alexandra Street ST KILDA EAST VIC 3183,Ramona Albrecht,03 9530 0838,,,"bodycorp@dbrealty.com.au",4 Alexandra Street,Saint Kilda East,Victoria,3183,Australia,,,,,No
DB Realty,46 Seymour Road ELSTERNWICK VIC 3185,,,,,,46 Seymour Road,Elsternwick,Victoria,3185,Australia,,,,,No
DB Realty,75A Bambra Road Caulfield North,,,,,,75A Bambra Road,Caulfield North,Victoria,3161,Australia,,,,,No
DB Realty,771 Malvern Road Toorak,Ramona,9530 0838,,,"bodycorp@dbrealty.com.au",771 Malvern Road,Toorak,Victoria,3142,Australia,,,,,No
DB Realty,"7-9 Albert Street",,,,,,"7-9 Albert Street",Caulfield North,Victoria,3161,Australia,,,,,No
DB Realty,"9 Meadow Street, St Kilda",Ramona,9530 0838,,,"bodycorp@dbrealty.com.au",9 Meadow Street,Saint Kilda East,Victoria,3183,Australia,,,,,No
DB Realty,Rockbrook Road ST KILDA EAST,Ramona Albrecht,9530 0838,,,"bodycorp@dbrealty.com.au",11 Rockbrook Road,Saint Kilda East,Victoria,3183,Australia,,,,,No
Dean Dugdale Developments Pty Ltd,57 Berkley St Hawthorn,,,,,,57 Berkeley Street,Hawthorn,Victoria,3122,Australia,,,,,No
"Department of Families, Fairness and Housing",Baby Bunting Chirnside Park,,,,,,"266-268 Maroondah Highway",Chirnside Park,Victoria,3116,Australia,,,,,No
"Department of Families, Fairness and Housing",Head office,,,,,,883 Whitehorse Road,Box Hill,Victoria,3128,Australia,,,,,No
Devco Project & Construction Management,Michael Tuck Stand Redevelopment,Denis Marinovic,03 9399 9807,,,"estimating@devco.com.au",36 Linda Crescent,Hawthorn,Victoria,3122,Australia,,,,,No
Dewcape,Home Co,,,,,,580 Ferntree Gully Road,Wheelers Hill,Victoria,3150,Australia,,,,,No
Discovery Childcare and Education,"50 Maroondah Hwy, Croydon",,,,,"accounts@questco.com.au",,,,,,,,,,No
Discovery Childcare and Education,All 3,,,,,,,,,,,,,,,No
Discovery Childcare and Education,Boronia,Caitlin Carmichael,9762 4888,,,"accounts@questco.com.au",172 Boronia Road,Boronia,Victoria,3155,Australia,,,,,No
Discovery Childcare and Education,Croydon,Jamiee,03 9722 8933,,,"accounts@questco.com.au",50 Maroondah Highway,Croydon,Victoria,3136,Australia,,,,,No
Discovery Childcare and Education,Ringwood Top Kids,,,,,"accounts@questco.com.au","30-32 Bond Street",Ringwood,Victoria,3134,Australia,,,,,No
Divvy Parking,452 Flinders Street,,,,,,452 Flinders Street,Melbourne,Victoria,3000,Australia,,,,,No
DO NOT USE Woodlands Childcare & Education,"Woodlands - Roxburgh Park",,,,,"roxburghpark.woodlands@lightyear.cloud",,,,,,,,,,No
Docking Real Estate,"101/18 Myrtle St, Bayswater",,,,,,unit 101/18 Myrtle Street,Bayswater,Victoria,3153,Australia,,,,,No
Docking Real Estate,"22-24 Whitehorse Rd",,,,,,"unit 8/22-24 Whitehorse Road",Blackburn,Victoria,3130,Australia,,,,,No
Docking Real Estate,3 Carcoola Rd,James Thurtell (Tenant),,0401 440 388,,"jamesthurtell83@gmail.com",,,,,,,,,,No
Docking Real Estate,"3 Vergess Ct, Ringwood VIC",Dechlan Maclean,(03) 8877 7010,,,"dechlan@mjdocking.com.au",3 Vergess Court,Ringwood,Victoria,3134,Australia,,,,,No
Docking Real Estate,5 Deauville St,,,,,,5 Deauville Street,Forest Hill,Victoria,3131,Australia,,,,,No
Docking Real Estate,"55 Tilson Dr, Vermont VIC",Anukruti Pathak (Tenant),(03) 8877 7022,0477 693 409,,"vermont@mjdocking.com.au",55 Tilson Drive,Vermont,Victoria,3133,Australia,,,,,No
Docking Real Estate,"91 Centre Rd, Vermont VIC",,,,,,91 Centre Road,Vermont,Victoria,3133,Australia,,,,,No
Docking Real Estate,"Mcclares Rd, Vermont",,,,,,,,,,,,,,,No
Dorset Early Learning & Kindergarten,10 Verina Way,,,,,,10 Verina Way,Lilydale,Victoria,3140,Australia,,,,,No
Dorset Early Learning & Kindergarten,214 Dorset Road,,,,,,,,,,,,,,,No
Doutta Galla Aged Services,Harmony Village Shepparton,,,,,,20 Zurcas Lane,Shepparton,Victoria,3630,Australia,,,,,No
Eden Academy,Eden Academy Oak Park,,(03) 7020 2363,,,"oakpark@edenacademy.com.au","1-3 Station Road",Oak Park,Victoria,3046,Australia,,BDM,,,No
"Encore-Enzpac","20-26 Sabre Drive",,,,,,,,,,,,,,,No
"Encore-Enzpac","7-94 Boundary Road",,,,,,7/94 Boundary Road,Sunshine West,Victoria,3020,Australia,,,,,No
Explorers Early Learning,Explorers Early Learning Brighton East,John Gould,(03) 9067 5535,,,"John.Gould@buildcareproperty.com.au",,,,,,,,,,No
Explorers Early Learning,Explorers Early Learning Mornington,,,,,"john.gould@buildcareproperty.com.au",102 Strachans Road,Mornington,Victoria,3931,Australia,,,,,No
Explorers Early Learning,Explorers Mt Cottrell,John Gould (maintenance manager),03 7044 0155,0497 424 153,,"John.Gould@buildcareproperty.com.au",55 Goodison Grove,Mount Cottrell,Victoria,3024,Australia,,BDM,,,No
Explorers Early Learning,Explorers Williams Landing,John Gould (maintenance manager),03 7020 1900,0497 424 153,,"John.Gould@buildcareproperty.com.au",2 Fogarty Street,Williams Landing,Victoria,3027,Australia,,BDM,,"06/02 - ST",No
Farbod Mollaei,1 Tesmar Circuit,,,,,,1 Tesmar Circuit,Chirnside Park,Victoria,3116,Australia,,,,,No
Farbod Mollaei,1 Turbo Drive,,,,,,1 Turbo Drive,Bayswater North,Victoria,3153,Australia,,,,,No
Farbod Mollaei,"366 Dandelion Drive, Rowville",Farbod Mollaeinasrabadi,0450 904 461,,,"farbod@apmgservices.com.au",366 Dandelion Drive,Rowville,Victoria,3178,Australia,,,,,No
Fawe,Grace Removals,,,,,,201 Princes Highway,Hallam,Victoria,3803,Australia,,,,,No
Fiona Robinson,"64 Rennie Street, Lara",,,,,,64 Rennie Street,Lara,Victoria,3212,Australia,,,,,No
Fiona Robinson,65 Rushdale Street,,,,,,65 Rushdale Street,Knoxfield,Victoria,3180,Australia,,,,,No
Fiona Solomon,6 Kent Street,,,,,,6 Kent Street,Kew,Victoria,3101,Australia,,,,,No
GDP Group Pty Ltd,60 Annandale Rd Tullamarine,,03 9329 8300,0418 692 753,,"suric@gdpgroup.com.au",60 Annandale Road,Tullamarine,Victoria,3045,Australia,,Email,,"06/01 - ST / RS",No
GDP Group Pty Ltd,Diamond Creek Men's Shed,Elissa Di Battista,T 03 9329 8300,0477 447 758,,"elissad@gdpgroup.com.au",53 Challenger Street,Diamond Creek,Victoria,3089,Australia,,email,,,No
GDP Group Pty Ltd,"State Sport Centres - MSAC",,,,,,30 Aughtie Drive,Albert Park,Victoria,3206,Australia,,,,,No
Glenoak Homes,13 Aspen Court,,,,,,13 Aspen Court,Warranwood,Victoria,3134,Australia,,,,,No
Green Leaves (VIC3) Early Learning Centres Pty Ltd ACN 608 039 112,Cairnlea,,,,,,"69-71 Furlong Road",Cairnlea,Victoria,3023,Australia,,,,,No
Green Leaves (VIC3) Early Learning Centres Pty Ltd ACN 608 039 112,Craigieburn,,,,,,"18-40 Accolade Drive",Craigieburn,Victoria,3064,Australia,,,,,No
Green Leaves (VIC3) Early Learning Centres Pty Ltd ACN 608 039 112,Forest Hill,,,,,,270 Canterbury Road,Forest Hill,Victoria,3131,Australia,,,,,No
Green Leaves (VIC3) Early Learning Centres Pty Ltd ACN 608 039 112,Knox,,03 9887 2193,,,,425 Burwood Highway,Wantirna South,Victoria,3152,Australia,,,,,No
Green Leaves (VIC3) Early Learning Centres Pty Ltd ACN 608 039 112,Richmond,,(03) 9428 3113,,,,556 Swan Street,Richmond,Victoria,3121,Australia,,,,,No
Green Leaves (VIC3) Early Learning Centres Pty Ltd ACN 608 039 112,Waverley Gardens,,03 9574 6715,,,"waverleygardens@greenleaveselc.com.au",271 Police Road,Mulgrave,Victoria,3170,Australia,,,,,No
Green Leaves Early Learning,Craigieburn Centre,,03 9333 4341,,,"Maintenance@greenleaveselc.com.au","18-40 Accolade Drive",Craigieburn,Victoria,3064,Australia,,,,,No
Grey bird Building Group,Green Leaves Wodonga,Mark Beshay,,0432 494 228,,"mbeshay@greybirdbuilding.com.au","171-175 Beechworth Road",Wodonga,Victoria,3690,Australia,,,,,No
Gross Waddle ICR,Kenwood Superfund Custodian Pty Ltd,Sally Western,,0497 748 332,,"swestern@mentalhealthwellbeing.org",30 Collins Street,Melbourne,Victoria,3000,Australia,,,,,No
Guardian Childcare & Education,[CLOSED] St Kilda North,,,,,,,,,,,,,,,No
Guardian Childcare & Education,[CLOSED] St Kilda South,,,,,,,,,,,,,,,No
Guardian Childcare & Education,[OLD] Carlton,,03 9347 4949,,,,"Guardian Childcare & Education Lemon Tree, 2 Grattan Street",Carlton,Victoria,3053,Australia,,,,,Yes
Guardian Childcare & Education,Abbotsford,Rebecca Adams,03 9429 1900,"abbotsford@guardian.edu.au",,"accounts@apmgservices.com.au",3 Flockhart Street,Abbotsford,,3067,Australia,,,,,No
Guardian Childcare & Education,Altona North,Jessica Posterino,03 9391 0101,"AltonaNorth@guardian.edu.au",,"accounts@apmgservices.com.au",272 Millers Road,Altona North,,3025,Australia,,,,,No
Guardian Childcare & Education,Ascot Vale,Karyn Basford,03 9375 2620,"ascotvale@guardian.edu.au",,"accounts@apmgservices.com.au",41 Maribyrnong Road,Ascot Vale,,3032,Australia,,,,,No
Guardian Childcare & Education,Aspendale,Emma Bowles,,0401 614 233,,,"13-15 Station Street",Aspendale,Victoria,3195,Australia,,,,,No
Guardian Childcare & Education,Bentleigh (East Boundary Rd),Simi Santosh,03 9570 7557,"bentleigh@guardian.edu.au",,"accounts@apmgservices.com.au",31 East Boundary Road,Bentleigh East,,3165,Australia,,,,,No
Guardian Childcare & Education,Bentleigh East,,,,,,236 East Boundary Road,Bentleigh East,Victoria,3165,Australia,,,,,No
Guardian Childcare & Education,Bentleigh East (Curtin St),Mei Teoh,03 9579 5700,"bentleigheast@guardian.edu.au",,"accounts@apmgservices.com.au",15 Curtin St,Bentleigh East,,3165,Australia,,,,,No
Guardian Childcare & Education,Blackburn North (Surrey Rd),Natalie Cross,03 9877 4542,"BlackburnNorth@guardian.edu.au",,"accounts@apmgservices.com.au",118 Surrey Road,Blackburn,,3130,Australia,,,,,No
Guardian Childcare & Education,Blackburn South (Blackburn Rd),Ashleigh Curnow,03 8820 3977,"BlackburnSouth@guardian.edu.au",,"accounts@apmgservices.com.au","50-52 Blackburn Road",Blackburn,,3130,Australia,,,,,No
Guardian Childcare & Education,Blackburn West (Middleborough Rd),Ke (Ashley) Bao,03 9899 4545,"BlackburnWest@guardian.edu.au",,"accounts@apmgservices.com.au",440 Middleborough Road,Blackburn,,3130,Australia,,,,,No
Guardian Childcare & Education,Box Hill (Sweetland Rd),Veronica Dharmaraj,03 9890 4257,"BoxHill@guardian.edu.au",,"accounts@apmgservices.com.au",24 Sweetland Road,Box Hill,,3128,Australia,,,,,No
Guardian Childcare & Education,Box Hill North (Station Street),Kiran Jadhav,03 8820 8999,"boxhillnorth​@guardian.edu.au",,"accounts@apmgservices.com.au","902 - 904 Station Street",Box Hill,,3129,Australia,,,,,No
Guardian Childcare & Education,Braybrook,Natasha Geyer,03 9088 4890,"braybrook@guardian.edu.au",,"accounts@apmgservices.com.au",330 Ballarat Road,Braybrook,,3019,Australia,,,,,No
Guardian Childcare & Education,"Bridge Kids - Eltham",Kathy Kliakos,03 9439 7244,"bridgekids@guardian.edu.au",,"accounts@apmgservices.com.au",12 Bridge Street,Eltham,,3095,Australia,,,,,No
Guardian Childcare & Education,Brighton,Yvonne Hart,03 9592 2143,"Brighton@guardian.edu.au",,"accounts@apmgservices.com.au","78-80 Centre Road",Brighton East,,3187,Australia,,,,,No
Guardian Childcare & Education,Brunswick,Megan Ward,03 9387 1111,"Brunswick@guardian.edu.au",,"accounts@apmgservices.com.au",62 Blyth Street,Brunswick,,3056,Australia,,,,,No
Guardian Childcare & Education,Camberwell,Thai Ha Nguyen,03 9889 2999,"Camberwell@guardian.edu.au",,"accounts@apmgservices.com.au",895 Toorak Road,Camberwell,,3124,Australia,,,,,No
Guardian Childcare & Education,Caulfield (Glen Eira Rd),Natasha Fullerton,03 9528 2812,"Caulfield@guardian.edu.au",,"accounts@apmgservices.com.au",249 Glen Eira Road,Caulfield North,,3161,Australia,,,,,No
Guardian Childcare & Education,Caulfield North (Dandenong Rd.),Mariah Jamieson,03 8202 5050,"CaulfieldNorth@guardian.edu.au",,"accounts@apmgservices.com.au",470 Dandenong Road,Caulfield North,,3161,Australia,,,,,No
Guardian Childcare & Education,Chadstone,Abbi Hutton,03 9807 7856,"Chadstone@guardian.edu.au",,"accounts@apmgservices.com.au",327 Huntingdale Road,Chadstone,,3148,Australia,,,,,No
Guardian Childcare & Education,Collins Street,Shivalika Sundriyal,03 8582 4280,"CollinsStreet@guardian.edu.au",,"accounts@apmgservices.com.au","Level 8, 101 Collins Street",Melbourne,,3000,Australia,,,,,No
Guardian Childcare & Education,Croydon,Abby McCarthy,03 8393 1780,"croydon@guardian.edu.au",,"accounts@apmgservices.com.au",20/22 Croydon Road,Croydon,,3136,Australia,,,,,No
Guardian Childcare & Education,Doncaster East,Veronica Bence,03 9846 1168,"DoncasterEast@guardian.edu.au",,"accounts@apmgservices.com.au",100 Deep Creek Drive,Doncaster East,,3109,Australia,,,,,No
Guardian Childcare & Education,East Ivanhoe,Michelle Hadden,03 9499 7690,"EastIvanhoe@guardian.edu.au",,"accounts@apmgservices.com.au",71 Lower Heidelberg Road,Ivanhoe,,3079,Australia,,,,,No
Guardian Childcare & Education,Elsternwick,Jessica Phoa,03 9530 0515,"Elsternwick@guardian.edu.au",,"accounts@apmgservices.com.au",241 Kooyong Road,Elsternwick,,3185,Australia,,,,,No
Guardian Childcare & Education,Essendon,Jane Li,03 9379 7740,"Essendon@guardian.edu.au",,"accounts@apmgservices.com.au",138 Hoffmans Road,Essendon,,3040,Australia,,,,,No
Guardian Childcare & Education,Guardian Childcare & Education Caulfield,,,,,,,,,,,,,,,Yes
Guardian Childcare & Education,Guardian Childcare & Education Pascoe Vale,,,,,,Level 5/326 William Street,Melbourne,Victoria,3000,Australia,,,,,Yes
Guardian Childcare & Education,Hillside,Samantha Lamperd,03 8361 6111,"hillside@guardian.edu.au",,"accounts@apmgservices.com.au",4 The Parks,Hillside,,3037,Australia,,,,,No
Guardian Childcare & Education,Kew East,Agnes Teo,03 9088 4040,"KewEast@guardian.edu.au",,"accounts@apmgservices.com.au",720 High Street,Kew East,,3102,Australia,,,,,No
Guardian Childcare & Education,Kilsyth,Kelly Molineux,03 7020 2318,"kilsyth@guardian.edu.au",,"accounts@apmgservices.com.au",23 Hawthory Road,Kilsyth,,3137,Australia,,,,,No
Guardian Childcare & Education,"Langwarrin (Union Rd)  - Platypus",Sharyn Holmberg,03 9002 0899,"langwarrin@guardian.edu.au",,"accounts@apmgservices.com.au",1/55 Union Road,Langwarrin,,3910,Australia,,,,,No
Guardian Childcare & Education,Langwarrin North (Potts Rd),Belinda Selini,03 5925 6200,"langwarrinnorth@*G*.edu.au",,"accounts@apmgservices.com.au",88 Potts Road,Langwarrin,,3910,Australia,,,,,No
Guardian Childcare & Education,Langwarrin South (Warrandyte Rd),Riley Watson,03 9095 2600,"langwarrinsouth@*G*.edu.au",,"accounts@apmgservices.com.au",200 Warrandyte Road,Langwarrin,,3910,Australia,,,,,No
Guardian Childcare & Education,"Laurimar - Doreen",Danielle Miller,03 8751 8200,"laurimar@guardian.edu.au",,"accounts@apmgservices.com.au",59 Painted Hills Road,Doreen,,3754,Australia,,,,,No
Guardian Childcare & Education,"Lemon Tree - Carlton",Lily Donaldson,03 9347 4949,"lemontree@guardian.edu.au",,"accounts@apmgservices.com.au",2 Grattan Street,Carlton,,3053,Australia,,,,,No
Guardian Childcare & Education,Leopold,Belinda Rowland,03 7020 2361,"leopold@guardian.edu.au",,"accounts@apmgservices.com.au",688 Bellarine Hwy,Leopold,,3224,Australia,,,,,No
Guardian Childcare & Education,"Level 10, 101 Collins St",,,,,,101 Collins Street,Melbourne,Victoria,3000,Australia,,,,,Yes
Guardian Childcare & Education,Maidstone,Rina Mercieca,03 9317 0411,"maidstone@guardian.edu.au",,"accounts@apmgservices.com.au",1/50 Hampstead Road,Maidstone,,3012,Australia,,,,,No
Guardian Childcare & Education,Manifold Heights,Mel Jackson,03 5280 8061,"manifoldheights@*G*.edu.au",,"accounts@apmgservices.com.au","25-31 Bostock Avenue",Manifold Heights,,3218,Australia,,,,,No
Guardian Childcare & Education,McKinnon,Stephanie Smith,03 9578 0555,"mckinnon@guardian.edu.au",,"accounts@apmgservices.com.au","252-254 Tucker Road",McKinnon,,3204,Australia,,,,,No
Guardian Childcare & Education,Mentone East,Louise Sheedy,03 9584 4353,"MentoneEast@guardian.edu.au",,"accounts@apmgservices.com.au",37 Blackwood Avenue,Mentone,,3194,Australia,,,,,No
Guardian Childcare & Education,Mentone West,Kimberley Tolley,03 9583 4566,"MentoneWest@guardian.edu.au",,"accounts@apmgservices.com.au",37 Venice Street,Mentone,,3194,Australia,,,,,No
Guardian Childcare & Education,Montmorency,Monique Minutoli,03 9435 1399,"montmorency@guardian.edu.au",,"accounts@apmgservices.com.au","60 - 62 Sherbourne Rd",Montmorency,,3094,Australia,,,,,No
Guardian Childcare & Education,Moorabbin,Belinda James,03 9553 6635,"Moorabbin@guardian.edu.au",,"accounts@apmgservices.com.au",488 South Road,Moorabbin,,3189,Australia,,,,,No
Guardian Childcare & Education,Mount Eliza,Nicole Sheppard,03 9775 4999,"mteliza@guardian.edu.au",,"accounts@apmgservices.com.au",1305 Nepean Highway,Mount Eliza,,3930,Australia,,,,,No
Guardian Childcare & Education,"Mulgrave - Nexus - Platypus",Jessica Kwok,03 9560 5777,"mulgrave@guardian.edu.au",,"accounts@apmgservices.com.au",Level 3/5 Nexus Court,Mulgrave,,3170,Australia,,,,,No
Guardian Childcare & Education,Mulgrave East (Wellington Rd),Annu Nadan,03 8103 8333,"MulgraveEast@guardian.edu.au",,"accounts@apmgservices.com.au",211 Wellington Road,Mulgrave,,3170,Australia,,,,,No
Guardian Childcare & Education,Mulgrave South (Wanda St),Placida Migliaccio,03 8582 4411,"MulgraveSouth@guardian.edu.au",,"accounts@apmgservices.com.au",52 Wanda Street,Mulgrave,,3170,Australia,,,,,No
Guardian Childcare & Education,Northcote,Samantha Nightingale,03 9486 7411,"northcote@guardian.edu.au",,"accounts@apmgservices.com.au",38 Arthurton Road,Northcote,,3072,Australia,,,,,No
Guardian Childcare & Education,"NSW - Walker Street",Katie Nguyen,,0414 278 701,,"propertymanager@guardian.edu.au",,,,,,,,,,No
Guardian Childcare & Education,Oakleigh,,,,,"libby@apmgservices.com.au",,,,,,,,,,Yes
Guardian Childcare & Education,Oakleigh East,Arvinpal Kaur,03 9543 5557,"OakleighEast@guardian.edu.au",,"accounts@apmgservices.com.au",82 Ferntree Gully Road,Oakleigh East,,3166,Australia,,,,,No
Guardian Childcare & Education,"Pascoe Vale (120-122 Cumberland Rd)",,,,,,"120-122 Cumberland Road",Pascoe Vale,Victoria,3044,Australia,,,,,No
Guardian Childcare & Education,Pascoe Vale (200 Cumberland Rd),Liz Keskin,03 9304 4090,"PascoeVale@guardian.edu.au",,"accounts@apmgservices.com.au",200 Cumberland Road,Pascoe Vale,,3044,Australia,,,,,No
Guardian Childcare & Education,Point Cook East,Mariam Nauman,03 9068 4966,"pointcookeast@guardian.edu.au",,"accounts@apmgservices.com.au",11 Bensonhurst Parade,Point Cook,,3030,Australia,,,,,No
Guardian Childcare & Education,Point Cook North,Nubiane Polat,03 9395 5820,"PointCookNorth@guardian.edu.au",,"accounts@apmgservices.com.au",73 Innisfail Drive,Point Cook,,3030,Australia,,,,,No
Guardian Childcare & Education,Point Cook South,Asma Adil,03 8375 0900,"PointCookSouth@guardian.edu.au",,"accounts@apmgservices.com.au","37 - 39 Windorah Drive",Point Cook,,3030,Australia,,,,,No
Guardian Childcare & Education,Point Cook West,Holly Mildenhall,03 9017 4100,"pointcookwest@guardian.edu.au",,"accounts@apmgservices.com.au",24 Gramercy Boulevard,Point Cook,,3030,Australia,,,,,No
Guardian Childcare & Education,Prahran,Emily Turner,03 9510 0611,"Prahran@guardian.edu.au",,"accounts@apmgservices.com.au",349 High Street,Prahran,,3181,Australia,,,,,No
Guardian Childcare & Education,Preston,Elizabeth Joao,03 9471 1115,"preston@guardian.edu.au",,"accounts@apmgservices.com.au",418 Murray Road,Preston,,3072,Australia,,,,,No
Guardian Childcare & Education,Preston West,Jacqueline Gerali,03 9069 0545,"prestonwest@guardian.edu.au",,"accounts@apmgservices.com.au",391 Murray Road,Preston,,3072,Australia,,,,,No
Guardian Childcare & Education,Richmond,Amber Bramdaw,03 8652 3270,"Richmond@guardian.edu.au",,"accounts@apmgservices.com.au","67 - 81 Hoddle Street",Richmond,,3121,Australia,,,,,No
Guardian Childcare & Education,South Melbourne,Coco Yuan,03 9088 8400,"southmelbourne@guardian.edu.au",,"accounts@apmgservices.com.au","97-101 Tope Street",South Melbourne,,3205,Australia,,,,,No
Guardian Childcare & Education,South Morang,Meenakshi Seth,03 8866 5569,"southmorang@guardian.edu.au",,"accounts@apmgservices.com.au",289 The Lakes Boulevard,South Morang,,3752,Australia,,,,,No
Guardian Childcare & Education,South Yarra,Rebecca Scott,03 8560 1300,"SouthYarra@guardian.edu.au",,"accounts@apmgservices.com.au",670 Chapel Street,South Yarra,,3141,Australia,,,,,No
Guardian Childcare & Education,"Sunbury - Gumboots",Rebecca Quinn,03 8866 5568,"sunbury@guardian.edu.au",,"accounts@apmgservices.com.au",730 Elizabeth Drive,Sunbury,,3429,Australia,,,,,No
Guardian Childcare & Education,Sydenham,Cary Ferraro,03 8390 9866,"Sydenham@guardian.edu.au",,"accounts@apmgservices.com.au",354 Sydenham Road,Sydenham,,3037,Australia,,,,,No
Guardian Childcare & Education,Tarneit,Rebecca Forti,03 8001 7460,"tarneit@guardian.edu.au",,"accounts@apmgservices.com.au",32 Origin Drive,Tarneit,,3029,Australia,,,,,No
Guardian Childcare & Education,Thornbury,Sara Schepis,03 9480 1023,"Thornbury@guardian.edu.au",,"accounts@apmgservices.com.au",200 Smith Street,Thornbury,,3071,Australia,,,,,No
Guardian Childcare & Education,Torquay,Olivia Harrington,03 5261 9822,"Torquay@guardian.edu.au",,"accounts@apmgservices.com.au","3-5 Attunga Drive",Torquay,,3228,Australia,,,,,No
Guardian Childcare & Education,Truganina,Chamarie Wijesinghe,03 8609 2324,"truganina@guardian.edu.au",,"accounts@apmgservices.com.au",72 Clearwood Dr,Truganina,,3029,Australia,,,,,No
Guardian Childcare & Education,Tullamarine,Jessica Horner,03 9338 2219,"Tullamarine@guardian.edu.au",,"accounts@apmgservices.com.au","124-128 Mickleham Road",Tullamarine,,3043,Australia,,,,,No
Guardian Childcare & Education,Watsonia,Courtney O'Toole,03 7020 2360,"watsonia@guardian.edu.au",,"accounts@apmgservices.com.au","10-12 High St",Watsonia,,3087,Australia,,,,,No
Guardian Childcare & Education,Westgarth,Samantha Nightingale,03 9481 1446,"westgarth@guardian.edu.au",,"accounts@apmgservices.com.au","26-28 Pearl Street",Northcote,,3072,Australia,,,,,No
Guardian Childcare & Education,Wodonga,Kaylene Houston,,,,"KHouston1@guardian.edu.au",71 Thomas Mitchell Drive,Wodonga,Victoria,3690,Australia,,,,,No
Guardian Childcare & Education,Wodonga West,Amber Kemna,,,,"AKemna@guardian.edu.au",,,,,,,,,,No
Guardian Childcare & Education,Wollert,Sadaf Zarei,,,,"SZarei@guardian.edu.au",94A Saltlake Boulevard,Wollert,Victoria,3750,Australia,,,,,No
Guidepost 03 Pty Ltd,Guidepost Montessori Doncaster,,,,,,1 Lauer Street,Doncaster,Victoria,3108,Australia,,,,,No
Haven Home Safe,"Haven - Preston",,,,,,"52-56 Mary Street",Preston,Victoria,3072,Australia,,,,,No
Hive Strata,"14-16 Merton Street Ivanhoe",,,,,,,,,,,,,,,No
Hive Strata,34 MacFarlan Street,,,,,,34 Macfarlan Street,South Yarra,Victoria,3141,Australia,,,,,No
Hive Strata,38 MacFarlan Street,,,,,,38 Macfarlan Street,South Yarra,Victoria,3141,Australia,,,,,No
Hive Strata,"49-53 Bannockburn Road Viewbank",Jessica Cecconato,9908 2011,,,"info@hivestrata.com.au","49-53 Bannockburn Road",Viewbank,Victoria,3084,Australia,,,,,No
Hive Strata,94 Fulham Road,,,,,,,,,,,,,,,No
Hive Strata,Elmo Road,Megan Finn,,,,"info@hivestrata.com.au",100 Saint Elmo Road,Ivanhoe,Victoria,3079,Australia,,,,,No
Hive Strata,King William St,,,,,,74 King William Street,Reservoir,Victoria,3073,Australia,,,,,No
Horizon Strata,"84 Cutter Street, Richmond",,,,,,84 Cutter Street,Richmond,Victoria,3121,Australia,,,,,No
Iconic Strata Management,"1 6 Noble Street, Noble Park",,03 9982 1304,,,"justin@iconicstrata.com.au",16 Noble Street,Noble Park,Victoria,3174,Australia,,,,,No
Iconic Strata Management,14 Reynolds Avenue,Justin Elliott,"03 9982-1304",,,"justin@iconicstrata.com.au",14 Reynolds Avenue,Ringwood,Victoria,3134,Australia,,,,,No
Iconic Strata Management,"16 Noble Street, Noble Park",,,,,,16 Noble Street,Noble Park,Victoria,3174,Australia,,,,,No
Iconic Strata Management,1A Washington Street,,,,,,1A Washington Street,Toorak,Victoria,3142,Australia,,,,,No
Iconic Strata Management,"22 Connell Street, Hawthorn",,,,,,,,,,,,,,,No
Iconic Strata Management,29 Katandra Rd,,(03) 9982 1300,,,"keely@iconicstrata.com.au",29 Katandra Road,Ormond,Victoria,3204,Australia,,,,,No
Iconic Strata Management,"313 Victoria Street, Abbotsford",,,,,,,,,,,,,,,No
Iconic Strata Management,"313-321 Victoria Street",,,,,,"313-321 Victoria Street",Abbotsford,Victoria,3067,Australia,,,,,No
Iconic Strata Management,"38 King Street, DANDENONG",,,,,,38 King Street,Dandenong,Victoria,3175,Australia,,,,,No
Iconic Strata Management,470 Punt Road,,,,,,470 Punt Road,South Yarra,Victoria,3141,Australia,,,,,No
Iconic Strata Management,"6 Noble St, Noble Park",Justin Elliott,03 9982 1304,,,"justin@iconicstrata.com.au",6 Noble Street,Noble Park,Victoria,3174,Australia,,,,,No
Iconic Strata Management,"66 Patterson St, Middle Park",Justin Elliott,03 9982 1300,,,"justin@iconicstrata.com.au",66 Patterson Street,Middle Park,Victoria,3206,Australia,,,,,No
Iconic Strata Management,7 Turnbull Court,,,,,,7 Turnbull Court,Ringwood,Victoria,3134,Australia,,,,,No
Iconic Strata Management,"9 Morton Avenue, Carnegie",,03 9982 1304,,,"justin@iconicstrata.com.au",9 Morton Avenue,Carnegie,Victoria,3163,Australia,,,,,No
Iconic Strata Management,"912 Station Street, Box Hill",Justin Elliott,,03 9982 1304,,"justin@iconicstrata.com.au",912 Station Street,Box Hill North,Victoria,3129,Australia,,Email,,"06/26 - GN",No
Iglu,South Yarra,,,,,,8 Claremont Street,South Yarra,Victoria,3141,Australia,,,,,No
Illowra Smarter Living For Life,18A Sara Rd Scoresby VIC,,,,,,18A Sara Road,Scoresby,Victoria,3179,Australia,,,,,No
Illowra Smarter Living For Life,18b Sara Rd Scoresby VIC,Peter Floof,,0435 490 959,,,18b Sara Road,Scoresby,Victoria,3179,Australia,,,,,No
Illowra Smarter Living For Life,3/14 Bamboo Crt Doveton,,,,,,3/14 Bamboo Court,Doveton,Victoria,3177,Australia,,,,,No
Illowra Smarter Living For Life,3/34 Frawley Rd Eumemmerring,,,0427 152 315,,,3/34 Frawley Road,Eumemmerring,Victoria,3177,Australia,,,,,No
Illowra Smarter Living For Life,41 Heatherhill Rd Frankston,Diane,,0425 863 032,,"heatherhill1@abilityp.com.au",41 Heatherhill Road,Frankston,Victoria,3199,Australia,,,,"06/24 - GN",No
Illowra Smarter Living For Life,Illowra Eumemmerring,,,,,,5 Hatcher Place,Eumemmerring,Victoria,3177,Australia,,,,,No
Illowra Smarter Living For Life,Unit 1/14 Bamboo Ct Doveton VIC 317,Matthew Browne,,0407 669 270,,"mbrowne@illowra.au",1/14 Bamboo Court,Doveton,Victoria,3177,Australia,,,,,No
Inspira Kids ELC,Inspira Kids ELC – Archer St,Christine Lowden,,,,,,,,,,,,,,No
Inspira Kids ELC,Inspira Kids ELC – Gladstone Park,Michelle Cordovado,,,,,level 8/34 Gladstone Park Drive,Gladstone Park,Victoria,3043,Australia,,,,,No
Inspira Kids ELC,Inspira Kids ELC – Kialla,Melissa Penfold,,,,,26 Riverview Drive,Kialla,Victoria,3631,Australia,,,,,No
Inspira Kids ELC,Inspira Kids ELC – Lakelands,Rebekah,,,,,27 Alverstone Boulevard,Lakelands,Western Australia,6180,Australia,,,,,No
Inspira Kids ELC,Inspira Kids ELC – Laverton,Rebecca Barbieri,,,,,unit 1/19 Thomas Street,Laverton,Victoria,3028,Australia,,,,,No
Inspira Kids ELC,Inspira Kids ELC – Sydenham,Matthew Rodrigues,03 9449 9222,,,,17A Overton Lea Boulevard,Sydenham,Victoria,3037,Australia,"edleader.sydenham@inspirakids.com.au",,,,No
Integra Property Services Management,Ashburton Units,Ash Issar,,,,,67 Ashburn Grove,Ashburton,Victoria,3147,Australia,,,,,No
Integrated Equipment Solutions (IES),Newlands,,,,,,Newlands Road,Coburg North,Victoria,3058,Australia,,,,,No
"Ironman - Kilsyth","39A MUNIBUNG RD, CARDIFF",Darren Bleakney,1300 731 137,0438 383 407,,"STEVE.PULLICINO@IRONMAN4X4.COM",39A Munibung Road,Cardiff,New South Wales,2285,Australia,,,,,No
"Ironman - Kilsyth","Ironman - Dandenong",,,,,,8 Bessemer Drive,Dandenong South,Victoria,3175,Australia,,,,,No
"Ironman - Kilsyth","Ironman - Kilsyth",,,,,,,,,,,,,,,No
"Ironman - Kilsyth",Wollongong,,,,,,,,,,,,,,,No
Jagon Babu,"48-50 Ann Street, Dandenong, Victoria, 3175, Australia",,,,,,,,,,,,,,,No
"Jellis Craig - Whitehorse","1/8 Hope Ave, Donvale 3111",,,,,,,,,,,,,,,No
"Jellis Craig - Whitehorse","17 montalbo Rd, Nth Ringwood",Ashley,,,,,17 Montalbo Road,Ringwood North,Victoria,3134,Australia,,,,,No
"Jellis Craig - Whitehorse","23 Milton Street, Canterbury VIC, Australia",,,,,,23 Milton Street,Canterbury,Victoria,3126,Australia,,,,,No
"Jellis Craig - Whitehorse","6/18 Worrell St, Nunawading",,,,,,,,,,,,,,,No
"Jellis Craig - Whitehorse",Ashley,,,,,,17 Montalbo Road,Ringwood North,Victoria,3134,Australia,,,,,No
Jessica Angland,Jessica Angland,Jessica Angland,,,,"jessica.angland@icloud.com",25 Cass Avenue,Croydon,Victoria,3136,Australia,,,,"03/28 - Foad",No
"Jim - Hampton",Jim Hampton ,,0417228339,,,,3 karoola street Hampton,,,3188,,,,,,No
Joe Giaccotto,"71 South St, Ascot Vale",,,,,,71 South Street,Ascot Vale,Victoria,3032,Australia,,,,,No
Joe Sibley,"2/41 Sandown Rd, Ascot Vale",Joe Sibling,0424 083 387,,,,,,,,,,,,,No
John Gialelis,Bayview Cabins,,0411 150 781,,,"bayviewcabins58@gmail.com",58 Bayview Road,French Island,Victoria,3921,Australia,,,,,No
Kathy Leitch,"28A James St, Ringwood",Kathy Leitch,,0413311636,,"kathy_leitch@hotmail.com",28A James Street,Ringwood,Victoria,3134,Australia,,,,,No
Kathy Wilton,"28 Erica Avenue, Glen Iris, Victoria, 3146, Australia",,,,,,,,,,,,,,,No
Key Integrated,Forest Hills Community Upgrade,,,,,,264 Springvale Road,Forest Hill,Victoria,3131,Australia,,,,,No
KLR Custom Homes,2/10 Assembly Drive Dandenong,Jo Costello,,0477 644 999,,"office@klrcustomhomes.com.au",2/10 Assembly Drive,Dandenong South,Victoria,3175,Australia,,,,,No
KR Peters,"14 Broadgreen Ave, Wantirna",David,,0402849155,,"rentals@krpeters.com.au",14 Broadgreen Avenue,Wantirna,Victoria,3152,Australia,,,,"13/3 - To be quoted",No
Lee (Builder),Malvern Dermatology Clinic,,,,,,325 Wattletree Road,Malvern East,Victoria,3145,Australia,,,,,No
Lisa Bird,9 Redland Drive Mitcham,,,,,,9 Redland Drive,Mitcham,Victoria,3132,Australia,,,,,No
Logos Property,34 Marshall Court,,,,,,34 Marshall Court,Altona,Victoria,3018,Australia,,,,,No
Lorraine Wylie,Lorraine Wylie Home,Lorraine Wylie,,0414 632 602,,"glwylie@outlook.com.au",17 English Avenue,Scoresby,Victoria,3179,Australia,,,,,No
Louise Clancy,George Maher House,,,,,,256 Queens Parade,Fitzroy North,Victoria,3068,Australia,,,,,No
Luke Kingston,AWM Knox,,,,,,605 Burwood Highway,Knoxfield,Victoria,3180,Australia,,,,,No
Luminact Party,2 Rocco Drive,,,,,,,,,,,,,,,No
Lynchs Real Estate,"2/69 Schneider Crescent, Clarinda VIC 3169",Michael Brennan,,0478 109 963,,"jon@apmgservices.com.au",2/69 Schneider Crescent,Clarinda,Victoria,3169,Australia,,,,,No
Lynchs Real Estate,"4/1-3 North Ave Bentleigh VIC 3204",Madelyn Ades,,03 9555 1911,,"madelyn@lynchs.com","1-3 North Avenue",Bentleigh,Victoria,3204,Australia,,,,,No
Margaret Higgins,554 Orrong Road,,,,,,554 Orrong Road,Armadale,Victoria,3143,Australia,,,,,No
Margaret Higgins,Langridge,,,,,,270 Langridge Street,Abbotsford,Victoria,3067,Australia,,,,,No
Margaret Higgins,Little Paddington Child Care Centre & Kindergarten,,,,,,412 Waverley Road,Malvern East,Victoria,3145,Australia,,,,,No
Mark Beshay,"5 Lae Court, Morwell",Mark Beshay,,0432494228,,"markbeshay1511@gmail.com",5 Lae Court,Morwell,Victoria,3840,Australia,,,,Follow up email 25/2,No
Marshall White Property Management,20 Glenview Road,,,,,,20 Glenview Road,Doncaster East,Victoria,3109,Australia,,,,,No
Matthew Botros,Stkilda Rr Apartment ,,,,,,507/470 Saint Kilda Road,Melbourne,Victoria,3004,Australia,,,,,No
Maxicon Construction,1/26 Elm Street,,,,,,1/26 Elm Street,Bayswater,Victoria,3153,Australia,,,,,No
Mayfield Childcare Ltd,Balnarring ELC,Ash McKinnon,03 5983 2021,0494 349 172,,"hello@balnarringelc.vic.edu.au","2984 Frankston - Flinders Road",Balnarring,Victoria,3926,Australia,"hello@balnarringelc.vic.edu.au",Mayfield,,,No
Mayfield Childcare Ltd,Clever Kids ELC,Ash McKinnon,03 9782 4450,0494 349 172,,"hello@cleverkidsearlylearning.com.au",29 McCormicks Road,Carrum Downs,Victoria,3201,Australia,"hello@cleverkidsearlylearning.com.au",Mayfield,,,No
Mayfield Childcare Ltd,"Developmental Education Centre Rainbow- Moorabbin",Ash McKinnon,9532 2049,0494 349 172,,"hello@rainbowchildcare.vic.edu.au","39-41 Isabella Street",Moorabbin,Victoria,3189,Australia,"hello@rainbowchildcare.vic.edu.au",Mayfield,,,No
Mayfield Childcare Ltd,Lyrebird ELC,Ash McKinnon,03 9782 8818,0494 349 172,,"hello@lyrebirdelc.vic.edu.au",191 Lyrebird Drive,Carrum Downs,Victoria,3201,Australia,"hello@lyrebirdelc.vic.edu.au",Mayfield,,,No
Mayfield Childcare Ltd,Macedon ELC,Ash McKinnon,03 5426 1745,0494 349 172,,"hello@macedonelc.vic.edu.au",4 Scott Street,Macedon,Victoria,3440,Australia,"hello@macedonelc.vic.edu.au",Mayfield,,,No
Mayfield Childcare Ltd,Mayfield Bayswater,Ash McKinnon,03 9729 0033,0494 349 172,,"bayswater@mayfield.com.au",632 Mountain Highway,Bayswater,Victoria,3153,Australia,"bayswater@mayfield.com.au",Mayfield,,,No
Mayfield Childcare Ltd,Mayfield Camberwell,Ash McKinnon,03 9804 0607,0494 349 172,,"camberwell@mayfield.com.au",675 Burke Road,Camberwell,Victoria,3124,Australia,"camberwell@mayfield.com.au",Mayfield,,,No
Mayfield Childcare Ltd,Mayfield Dandenong,Ash McKinnon,03 9794 6763,0494 349 172,,"dandenong@mayfield.com.au","57-59 Stud Road",Dandenong,Victoria,3175,Australia,"dandenong@mayfield.com.au",Mayfield,,,No
Mayfield Childcare Ltd,Mayfield Kilmore,Ash McKinnon,03 5781 1804,0494 349 172,,"kilmore@mayfield.com.au","22-26 White Street",Kilmore,Victoria,3764,Australia,"kilmore@mayfield.com.au",Mayfield,,,No
Mayfield Childcare Ltd,Mayfield Lilydale,Ash McKinnon,03 9735 5366,0494 349 172,,"lilydale@mayfield.com.au","35-37 Cave Hill Road",Lilydale,Victoria,3140,Australia,"lilydale@mayfield.com.au",Mayfield,,,No
Mayfield Childcare Ltd,Mayfield Melton,Ash McKinnon,03 9746 7008,0494 349 172,,"melton@mayfield.com.au","31-33 Unitt Street",Melton,Victoria,3337,Australia,"melton@mayfield.com.au",Mayfield,,,No
Mayfield Childcare Ltd,Mayfield Melton Sth,Ash McKinnon,9746 0388,0494 349 172,,"hello@meltonsouthelk.vic.edu.au",46 Coburns Road,Melton South,Victoria,3338,Australia,"hello@meltonsouthelk.vic.edu.au",Mayfield,,,No
Mayfield Childcare Ltd,Mayfield Sydenham,Ash McKinnon,03 9390 3551,0494 349 172,,"hello@sydenhamelk.vic.edu.au",550 Melton Highway,Sydenham,Victoria,3037,Australia,"hello@sydenhamelk.vic.edu.au",Mayfield,,,No
Mayfield Childcare Ltd,Mayfield Tecoma,Ash McKinnon,03 9754 8328,0494 349 172,,"tecoma@mayfield.com.au",4 Rutherford Road,Tecoma,Victoria,3160,Australia,"tecoma@mayfield.com.au",Mayfield,,,No
Mayfield Childcare Ltd,Officer Childcare,Ash McKinnon,0359431900,0494 349 172,,"manager@officerccc.vic.edu.au",454 Princes Highway,Officer,Victoria,3809,Australia,"manager@officerccc.vic.edu.au",Mayfield,,,No
Mayfield Childcare Ltd,Paradise Kids Children's Centre,Ash McKinnon,03 9436 5244,0494 349 172,,"hello@paradisekidscc.vic.edu.au",1 Paradise Way,South Morang,Victoria,3752,Australia,"hello@paradisekidscc.vic.edu.au",Mayfield,,,No
Mayfield Childcare Ltd,Pebble Patch ELC,Ash McKinnon,03 59961788,0494 349 172,,"hello@pebblepatch.vic.edu.au","975 Cranbourne-Frankston Road",Cranbourne,Victoria,3977,Australia,"hello@pebblepatch.vic.edu.au",Mayfield,,,No
Mayfield Childcare Ltd,Ryan Road Childcare and Swim School,Ash McKinnon,(03) 5940 1566,0494 349 172,,"reception@ryanroadcc.com.au",1 Ryan Road,Pakenham,Victoria,3810,Australia,"reception@ryanroadcc.com.au",Mayfield,,,No
Mayfield Childcare Ltd,Tullamarine Early Learning Centre,Ash McKinnon,(03) 9338 0999,0494 349 172,DO NOT SENT SH TO SITE,"hello@tullamarineelc.vic.edu.au",189 South Centre Road,Tullamarine,Victoria,3043,Australia,"hello@tullamarineelc.vic.edu.au",Mayfield,,,No
Mayfield Childcare Ltd,Waverley Kidz Children's Centrre,Ash McKinnon,03 9803 4813.,0494 349 172,,"hello@waverleykidzcc.vic.edu.au",604 Waverley Road,Glen Waverley,Victoria,3150,Australia,"hello@waverleykidzcc.vic.edu.au",Mayfield,,,No
Mayfield Early Education Accounts,Mayfield Cheltenham,Ash McKinnon,(03) 8637 5058,0494 349 172,PERMANENT THURSDAY,"cheltenham@mayfield.com.au",1A Bernard Street,Cheltenham,Victoria,3192,Australia,"cheltenham@mayfield.com.au",Mayfield,,,No
Mayfield Early Education Accounts,Mayfield Clyde North,Ash McKinnon,(03) 8637 5045,0494 349 172,,"clydenorth@mayfield.com.au","level 1/800 Berwick-Cranbourne Road",Clyde North,Victoria,3978,Australia,"clydenorth@mayfield.com.au",Mayfield,,,No
Mayfield Early Education Accounts,Mayfield Maddingley,Ash McKinnon,(03) 4317 4701,0494 349 172,,"maddingley@mayfield.com.au","16-18 Harry Vallence Drive",Maddingley,Victoria,3340,Australia,"maddingley@mayfield.com.au",Mayfield,,,No
Mayfield Early Education Accounts,Mayfield Mooroolbark,Ash McKinnon,(03) 8637 5047,0494 349 172,,"mooroolbark@mayfield.com.au","3-5 Bathurst Street",Mooroolbark,Victoria,3138,Australia,"mooroolbark@mayfield.com.au",Mayfield,,,No
Mayfield Early Education Accounts,Mayfield Sandringham,Ash McKinnon,(03) 8637 5006,0494 349 172,,"sandringham@mayfield.com.au",139 Bay Road,Sandringham,Victoria,3191,Australia,"sandringham@mayfield.com.au",Mayfield,,,No
Mayfield Early Education Accounts,Mayfield Seaford,Ash McKinnon,(03) 8637 5048,0494 349 172,,"seaford@mayfield.com.au","5-7 Sunderland Court",Seaford,Victoria,3198,Australia,"seaford@mayfield.com.au",Mayfield,,,No
MBCM,MBCM Mordialloc,Rawand Kaka,03 9583 1555,,,"info@mordialloc.mbcm.com.au",suite 1/100 Nepean Highway,Aspendale,Victoria,3195,Australia,,,,,No
"MBCM - Bayswater",104 Dorset Road,,,,,,104 Dorset Road,Croydon,Victoria,3136,Australia,,,,,No
"MBCM - Bayswater","15-19 HOLLOWAY ROAD CROYDON NORTH, 3136",Rachel Berka,,0400972719,,,"15-19 Holloway Road",Croydon North,Victoria,3136,Australia,,,,,No
"MBCM - Bayswater",26 WANTIRNA ROAD RINGWOOD,,,,,,26 Wantirna Road,Ringwood,Victoria,3134,Australia,,,,,No
"MBCM - Bayswater","31 GLENBURNIE ROAD MITCHAM, 3132",,,,,,31 Glenburnie Road,Mitcham,Victoria,3132,Australia,,,,,No
"MBCM - Bayswater","32-36 Hamilton Rd, Bayswater Nth",,,,,,"32-36 Hamilton Road",Bayswater North,Victoria,3153,Australia,,,,,No
"MBCM - Bayswater","49-51 GLEN PARK ROAD BAYSWATER, 3153",,,,,,"49-51 Glen Park Road",Bayswater North,Victoria,3153,Australia,,,,,No
"MBCM - Bayswater","74-76 DONCASTER EAST ROAD MITCHAM, 3132",Lachlan Miller,,,,,"74-76 Doncaster East Road",Mitcham,Victoria,3132,Australia,,,,,No
"MBCM - Bayswater",Lyons Road,,,,,,64A Lyons Road,Croydon North,Victoria,3136,Australia,,,,,No
"MBCM - Black Rock",12 Ebden Avenue,,,,,,12 Ebden Avenue,Black Rock,Victoria,3193,Australia,,,,,No
"MBCM - Brighton",19 Ash Grove,,,,,,19 Ash Grove,Caulfield,Victoria,3162,Australia,,,,,No
"MBCM - Brighton","2-18 Bourke Road, Oakleigh South",,,,,,"2-18 Bourke Road",Oakleigh South,Victoria,3167,Australia,,,,,No
"MBCM - Brighton",23 South Road,,,,,,,,,,,,,,,No
"MBCM - Brighton",27 Wanda Road,,,,,,27 Wanda Road,Caulfield North,Victoria,3161,Australia,,,,,No
"MBCM - Brighton",29 Flowers Street,,,,,,29 Flowers Street,Caulfield South,Victoria,3162,Australia,,,,,No
"MBCM - Brighton","31-33 Marriott St",Simon Bloumis,03 9555 4400,,,"info@mbcmbrighton.com.au","31-33 Marriott Street",Caulfield,Victoria,3162,Australia,,,,,No
"MBCM - Brighton",32 Walsh Street,,,,,,32 Walsh Street,Ormond,Victoria,3204,Australia,,,,,No
"MBCM - Brighton",35 Kooyong Road,,,,,,35 Kooyong Road,Caulfield North,Victoria,3161,Australia,,,,,No
"MBCM - Brighton",49 Robert Street  Bentleigh,Joseph Ojaimi,9555 4400,,,"info@brighton.mbcm.com.au",49 Robert Street,Bentleigh,Victoria,3204,Australia,,,,,No
"MBCM - Brighton",675 Inkerman Road,,,,,,675 Inkerman Road,Caulfield North,Victoria,3161,Australia,,,,,No
"MBCM - Brighton","9-11 Wilks Street",,,,,,"9-11 Wilks Street",Caulfield North,Victoria,3161,Australia,,,,,No
"MBCM - Brighton","MBCM - Brighton",,,,,,4A Normanby Avenue,Caulfield North,Victoria,3161,Australia,02/08,,,Email,No
"MBCM - Brunswick",123 Victoria St,Kellie Pitts,0393875803,,,"info@mbcmbrunswick.com.au",123 Victoria Street,Brunswick East,Victoria,3057,Australia,,,,,No
"MBCM - Cheltenham","10 Park Rd, Cheltenham",Camille Mojica,03 9555 4400,,,"info@mbcmcheltenham.com.au",10 Park Road,Cheltenham,Victoria,3192,Australia,,,,,No
"MBCM - Cheltenham","10 Park Road, Cheltenham",,,,,,10 Park Road,Cheltenham,Victoria,3192,Australia,,,,,No
"MBCM - Cheltenham","131-135 Cavanagh Street",,,,,,"131-135 Cavanagh Street",Cheltenham,Victoria,3192,Australia,,,,,No
"MBCM - Cheltenham","1379-1381 Nepean Hwy, Cheltenham",Gabriele Sabellek,03 9555 4400,,,"info@mbcmcheltenham.com.au","1379-1381 Nepean Highway",Cheltenham,Victoria,3192,Australia,,,,,No
"MBCM - Cheltenham","250 Charman Rd, Cheltenham VIC, Australia",,,,,,250 Charman Road,Cheltenham,Victoria,3192,Australia,,,,,No
"MBCM - Cheltenham","31-33 Marriott Street, Caulfield",,,,,,"31-33 Marriott Street",Caulfield,Victoria,3162,Australia,,,,,No
"MBCM - Cheltenham","MBCM - Cheltenham",,,,,,"131-135 Cavanagh Street",Cheltenham,Victoria,3192,Australia,02/08,,,Email,No
"MBCM - Cheltenham","MBCM - Cheltenham (1)",,,,,,"131-135 Cavanagh Street",Cheltenham,Victoria,3192,Australia,02/08,,,Email,No
"MBCM - Ferntree Gully","38 Station Street, Ferntree Gully",,03 9755 2816,,,"info@mbcmferntreegully.com.au",38 Station Street,Ferntree Gully,Victoria,3156,Australia,,,,,No
"MBCM - Ferntree Gully","44 - 46 POTTER ST DANDENONG, 3175",Carson Cunningham,03 9755 2816,,,"info@mbcmdandenong.com.au","44-46 Potter Street",Dandenong,Victoria,3175,Australia,,,,,No
"MBCM - Ferntree Gully","64 FINTONIA RD NOBLE PARK, 3174",Carson Cunningham,03 9755 2816,,,"info@mbcmdandenong.com.au",64 Fintonia Road,Noble Park,Victoria,3174,Australia,,,,,No
"MBCM - Malvern","98 Burke Rd, Malvern",,03 9807 3637,,,"info@mbcmmalvern.com.au",98 Burke Road,Malvern East,Victoria,3145,Australia,,,,,No
"MBCM - Mentone",94 Beach Road,Laki Kolettis,,0420 477 556,,,94 Beach Road,Mentone,Victoria,3194,Australia,,,,,No
"MBCM - Mentone","Unit 2 62-63 Beach Road",Natalie Hughes,,0413 956 669,,,"unit 2/62-63 Beach Road",Mentone,Victoria,3194,Australia,,,,,No
"MBCM - Mitcham",10 Ware Crescent Ringwood East,Megan Orfanidis,(03) 9873 3449,,,"info@mitcham.mbcm.com.au",10 Ware Crescent,Ringwood East,Victoria,3135,Australia,,,,,No
"MBCM - Mitcham","11 View Rd, Vermont",,,,,,,,,,,,,,,No
"MBCM - Mitcham","11-13 McClares Road",Debbie Payne (BC President),,0419 643 875,,"debmailhere@gmail.com","11-13 Mcclares Road",Vermont,Victoria,3133,Australia,,,,,No
"MBCM - Mitcham",15 Wickham Ave Forest Hill,,,,,,15 Wickham Avenue,Forest Hill,Victoria,3131,Australia,,BDM,,,No
"MBCM - Mitcham",16 ILLOURA AVENUE RINGWOOD EAST,,,,,,16 Illoura Avenue,Ringwood East,Victoria,3135,Australia,,,,,No
"MBCM - Mitcham","19 Sovereign Place, Wantirna",Lachlan Miller,,,,,19 Sovereign Place,Wantirna South,Victoria,3152,Australia,,,,,No
"MBCM - Mitcham","197-199 SPRINGVALE ROAD NUNAWADING",,,,,,,,,,,,,,,No
"MBCM - Mitcham","197-199 SPRINGVALE ROAD NUNAWADING (1)",,,,,,,,,,,,,,,No
"MBCM - Mitcham","197-199 SPRINGVALE ROAD NUNAWADING, 3131",,,,,,,,,,,,,,,No
"MBCM - Mitcham",22 Freeman Street,,,,,,22 Freeman Street,Ringwood East,Victoria,3135,Australia,,,,,No
"MBCM - Mitcham","22-24 Marlborough Road",,,,,,,,,,,,,,,No
"MBCM - Mitcham","25 Railway Avenue, Ringwood",Lachlan Miller,,,,,25 Railway Avenue,Ringwood East,Victoria,3135,Australia,,,,,No
"MBCM - Mitcham","251 Springfield Rd, Nunawading",,,,,,,,,,,,,,,No
"MBCM - Mitcham","25-39 Cook Road, Mitcham",,,0407 555 445,,,"25-39 Cook Road",Mitcham,Victoria,3132,Australia,,,,,No
"MBCM - Mitcham",27 Cuthbert Street,,,,,,27 Cuthbert Street,Heathmont,Victoria,3135,Australia,,,,,No
"MBCM - Mitcham","28 Dublin Road, Ringwood East",Nick Orfanidis,(03) 9873 3449,,,"info@mitcham.mbcm.com.au",28 Dublin Road,Ringwood East,Victoria,3135,Australia,,,,"06/26 - GN",No
"MBCM - Mitcham",290 CANTERBURY ROAD HEATHMONT,Lachlan Miller,(03) 9873 3449,,,"info@mitcham.mbcm.com.au",290 Canterbury Road,Heathmont,Victoria,3135,Australia,,,,,No
"MBCM - Mitcham","3 Ashley St, Wantirna",,,,,,3 Ashley Street,Wantirna,Victoria,3152,Australia,,,,,No
"MBCM - Mitcham","3/31 Glenburnie Road, Mitcham",,,,,,,,,,,,,,,No
"MBCM - Mitcham",31 GLENBURNIE ROAD MITCHAM,,,,,,,,,,,,,,,No
"MBCM - Mitcham",31 Mt Pleasant Road,,,,,,31 Mount Pleasant Road,Nunawading,Victoria,3131,Australia,,,,,No
"MBCM - Mitcham",37 Harrison Street,,,,,,37 Harrison Street,Mitcham,Victoria,3132,Australia,,,,,No
"MBCM - Mitcham","3-7 STEVENS ROAD VERMONT",,,,,"info@mbcmmitcham.com.au","3-7 Stevens Road",Vermont South,Victoria,3133,Australia,,,,,No
"MBCM - Mitcham","38 DUBLIN RD RINGWOOD EAST,",Lachlan Miller,03 9873 3449,,03 8669 4201,"info@mbcmmitcham.com.au",38 Dublin Road,Ringwood East,Victoria,3135,Australia,,,,,No
"MBCM - Mitcham",4/17 Lakeview Avenue Rowville,MS T SANTILLI,,0422831931,,,4/17 Lakeview Avenue,Rowville,Victoria,3178,Australia,,,,,No
"MBCM - Mitcham","410 Burwood Highway, Wantirna South",Megan Orfanidis,9873 3449,,,"info@mitcham.mbcm.com.au",410 Burwood Highway,Wantirna South,Victoria,3152,Australia,,,,,No
"MBCM - Mitcham","41-45 Glebe Street",,,,,,"41-45 Glebe Street",Forest Hill,Victoria,3131,Australia,,,,,No
"MBCM - Mitcham","49-51 Heathmont Rd, Heathmont",Lachlan Miller,03 9873 3449,,03 8669 4201,"info@mbcmmitcham.com.au","49-51 Heathmont Road",Ringwood,Victoria,3134,Australia,,,,,No
"MBCM - Mitcham","5 Harcrest Boulevard, Wantirna South",,,,,,5 Harcrest Boulevard,Wantirna South,Victoria,3152,Australia,,,,,No
"MBCM - Mitcham","5-7 Casella Street",,,,,,"5-7 Casella Street",Mitcham,Victoria,3132,Australia,,,,,No
"MBCM - Mitcham",604 Burwood Highway,Sushant Hari Guduru,,0421 148 988,,,604 Burwood Highway,Burwood,Victoria,3151,Australia,,,,,No
"MBCM - Mitcham",61 Doncaster East Road,,,,,,61 Doncaster East Road,Mitcham,Victoria,3132,Australia,,,,,No
"MBCM - Mitcham","613 Whitehorse Road, Mitcham VIC",Megan Orfanidis,(03) 9873 3449,,,"info@mitcham.mbcm.com.au",613 Whitehorse Road,Mitcham,Victoria,3132,Australia,,,,,No
"MBCM - Mitcham","680 Boronia Road, Wantirna VIC 3152",Megan Orfanidis,9873 3449,,,"info@mitcham.mbcm.com.au",680 Boronia Road,Wantirna,Victoria,3152,Australia,,,,,No
"MBCM - Mitcham","74-76 DONCASTER EAST ROAD MITCHAM",,,,,,"74-76 Doncaster East Road",Mitcham,Victoria,3132,Australia,,,,,No
"MBCM - Mitcham",8 Braeside Ave,,,,,,8 Braeside Avenue,Ringwood East,Victoria,3135,Australia,,,,,No
"MBCM - Mitcham","Gravilia Grove, Wantirna South",,,,,,Gravillia Grove,Wantirna South,Victoria,3152,Australia,,,,,No
"MBCM - Moorabbin","277-279 HAMPTON STREET HAMPTON",,,,,,"277-279 Hampton Street",Hampton,Victoria,3188,Australia,,,,,No
"MBCM - Murrumbeena",30 Victory Street,,,,,,30 Victory Street,Murrumbeena,Victoria,3163,Australia,,,,,No
"MBCM - Murrumbeena","9 Perth St, Murrumbeena",Roslyn,03 9807 3637,,,"info@mbcmmurrumbeena.com.au",9 Perth Street,Murrumbeena,Victoria,3163,Australia,,,,,No
"MBCM - Ringwood","1/28-30 Arlington Street, Ringwood",,,,,,,,,,,,,,,No
"MBCM - Ringwood","152 WANTIRNA ROAD (1-10 MOUNTAIN LANE) RINGWOOD",,,,,,,,,,,,,,,No
"MBCM - Ringwood","18 New St, Ringwood",,,,,,18 New Street,Ringwood,Victoria,3134,Australia,,,,,No
"MBCM - Ringwood","22 Warrenwood Rd, Warrenwood",,,,,,,,,,,,,,,No
"MBCM - Ringwood","26 Wantirna Rd, Ringwood",,,,,,26 Wantirna Road,Ringwood,Victoria,3134,Australia,,,,,No
"MBCM - Ringwood","28-30 THOMAS STREET RINGWOOD, 3134",,,,,,"28-30 Thomas Street",Ringwood,Victoria,3134,Australia,,,,,No
"MBCM - Ringwood",309 CANTERBURY ROAD RINGWOOD,,,,,,,,,,,,,,,No
"MBCM - Ringwood","54 Nangathan Way, Croydon North",,,,,,,,,,,,,,,No
"MBCM - Ringwood",7 Collette Ave Ringwood,,,,,,7 Collett Avenue,Ringwood,Victoria,3134,Australia,,,,,No
"MBCM - Ringwood","86 Maidstone Street, Ringwood",,,,,,,,,,,,,,,No
"MBCM - South Melbourne",178 Canterbury Road,,,,,,178 Canterbury Road,Middle Park,Victoria,3206,Australia,,,,,No
"MBCM - South Melbourne",200 Beaconsfield Pde,John Stork,,0412 152 960,,,200 Beaconsfield Parade,Middle Park,Victoria,3206,Australia,,,,,No
"MBCM - South Melbourne","265 - 289 WILLIAMSTOWN ROAD PORT MELBOURNE",,,,,,265 Williamstown Road,Port Melbourne,Victoria,3207,Australia,,,,,No
"MBCM - South Melbourne","32 Grosvenor St, Sth Yarra",Jason Williams,03 9682 0055,,03 9584 3433,"info@mbcmsouthmelbourne.com.au",32 Grosvenor Street,South Yarra,Victoria,3141,Australia,,,,,No
"MBCM - South Melbourne","33 Princess St, Port Melbourne",,,,,,33 Princes Street,Port Melbourne,Victoria,3207,Australia,,,,,No
"MBCM - South Yarra",16 Millswyn Street,,,,,,16 Millswyn Street,South Yarra,Victoria,3141,Australia,,,,,No
"MBCM - South Yarra","17-23 Mona Place",,,,,,"17-23 Mona Place",South Yarra,Victoria,3141,Australia,,,,,No
"MBCM - South Yarra","191 Williams Rd, Sth Yarra",Jason Williams,03 9584 6743,,03 9584 3433,"info@mbcmsouthyarra.com.au",191 Williams Road,South Yarra,Victoria,3141,Australia,,,,,No
"MBCM - South Yarra","43 Rockley Rd, South Yarra",,,,,,43 Rockley Road,South Yarra,Victoria,3141,Australia,,,,,No
"MBCM - South Yarra",43 Rockley Road,,,,,,43 Rockley Road,South Yarra,Victoria,3141,Australia,,,,,No
"MBCM - South Yarra",55 Ross St,,,,,,55 Ross Street,Toorak,Victoria,3142,Australia,,,,,No
"MBCM - South Yarra",Berkley House,,,,,,3 Lawson Grove,South Yarra,Victoria,3141,Australia,,,,,No
MBCM Mordialloc,"57A The Corso, Parkdale",,,,,,,,,,,,,,,No
MBCM Strata Specialists,MBCM Bayswater,,(03) 9873 0385,,,,1/17 Heatherdale Road,Ringwood,Victoria,3134,Australia,,,,,No
MBCM Strata Specialists,MBCM Mitcham,,,,,,,,,,,,,,,No
MBCM Strata Specialists,MBCM Ringwood,,,,,,,,,,,,,,,No
McGrath Real Estate,"18 & 20 Timms Ave, Kilsyth",,,,,,,,,,,,,,,No
McGrath Real Estate,21 Alawara Drive,Jessica Huckel,,0474284024,,,,,,,,,,,,No
Melbourne Archdiocese Catholic Schools,Sacred Heart Primary School,Matthew Shawcross,,,,"matthew.shawcross@shsfitzroy.catholic.edu.au",107 King William Street,Fitzroy,Victoria,3065,Australia,,1300,,"06/22 - ST",No
Melbourne Property Managers,"15 John St, Clifton Hills",Mark,,,,,15 John Street,Clifton Hill,Victoria,3068,Australia,,,,,No
Melbourne Real Estate Pty Ltd (MRE),Bedford Street,Tilly Gillan,,0437 080 133,,,"302/36-38 Bedford Street",Collingwood,Victoria,3066,Australia,,,,,No
Monash Gardens Retirement Village,UNIT 6,,,,,,"u6/97-99 Monash Drive",Mulgrave,Victoria,3170,Australia,,,,,No
Mooroolbark Traders & Community Group,101B Cardigan Rd,,,,,,101B Cardigan Road,Mooroolbark,Victoria,3138,Australia,,,,,No
Morris Agostini,"132 Through Rd, Camberwell",,,,,,,,,,,,,,,No
Murnane Real Estate,Aging in place retirement,,,,,,"1133 Frankston - Dandenong Road",Carrum Downs,Victoria,3201,Australia,,,,,No
Nathan Robbins,Mt Evelyn,,,0408 760 942,,"Nathan.Robbins@cityfm.com.au",,Mount Evelyn,Victoria,3796,Australia,,,,,No
Naturform Pty Ltd,"100 Alma Rd, St Kilda East",Adam Evans,,,,,100 Alma Road,Saint Kilda East,Victoria,3183,Australia,,,,,No
Nelson Alexander,33 MacKenzie St,,,,,,33 MacKenzie Street,Brunswick,Victoria,3056,Australia,,,,,No
Neverstop Group,Moondog Brewery,,,,,,,,,,,,,,,No
New Line Consultants Pty Ltd,"6 Highgate Hill, Toorak",Margaret Coburn,1300 57 08 80,0437 989 935,,"info@newlineconsultants.com.au",16 Highgate Hill,Toorak,Victoria,3142,Australia,,,,,No
Newbay Medical Clinic,Brighton,,,,,,,,,,,,,,,No
Noble Knight (DONT USE),26a Coolabah St,,,,,,26A Coolabah Street,Mooroolbark,Victoria,3138,Australia,,,,,No
Noble Knight Real Estate Pty Ltd,"1/205 Gipps St, Abbotsford",Bryar Pentecost,,,,,1/205 Gipps Street,Abbotsford,Victoria,3067,Australia,,,,,No
Noble Knight Real Estate Pty Ltd,"1/205 Gipps Street, ABBOTSFORD, VIC, 3067",,03 9735 5677,,,"property@nobleknight.com.au",1/205 Gipps Street,Abbotsford,Victoria,3067,Australia,,,,,No
Noble Knight Real Estate Pty Ltd,"1/278 Springvale Road, FOREST HILL, VIC, 3131",Catherine,,,,"catherine@nobleknight.com.au",,,,,,,,,,No
Noble Knight Real Estate Pty Ltd,"1/46 Beresford Rd, Lilydale",,,,,,,,,,,,,,,No
Noble Knight Real Estate Pty Ltd,"1/46 Beresford Rd, Lilydale (1)",,,,,,,,,,,,,,,No
Noble Knight Real Estate Pty Ltd,"1/81-83 Castella Street",Castella Street Care Team,,0448 035 994,,,"unit 1/81-83 Castella Street",Lilydale,Victoria,3140,Australia,,,,,No
Noble Knight Real Estate Pty Ltd,"110 Switchback Road, CHIRNSIDE PARK",,,,,,,,,,,,,,,No
Noble Knight Real Estate Pty Ltd,"123 Hayrick Lane, MOOROOLBARK, VIC, 3138",,,,,,,,,,,,,,,No
Noble Knight Real Estate Pty Ltd,126 Birmingham Road,,,,,,126 Birmingham Road,Mount Evelyn,Victoria,3796,Australia,,,,,No
Noble Knight Real Estate Pty Ltd,"14 Bell St, YARRA GLEN",,,,,"commercial@nobleknight.com.au",,,,,,,,,,No
Noble Knight Real Estate Pty Ltd,"15/286-288 Maroondah Highway, CHIRNSIDE PARK, VIC, 3116",,,,,,"15/286-288 Maroondah Highway",Chirnside Park,Victoria,3116,Australia,,,,,No
Noble Knight Real Estate Pty Ltd,"156 Monbulk Silvan Road, SILVAN, VIC, 3795",,,,,,156 Monbulk Road,Silvan,Victoria,3795,Australia,,,,,No
Noble Knight Real Estate Pty Ltd,19 Albert Avenue,,,,,,19 Albert Avenue,Boronia,Victoria,3155,Australia,,,,,No
Noble Knight Real Estate Pty Ltd,"19 Brown St, Lilydale",,,,,,19 Brown Street,Lilydale,Victoria,3140,Australia,,,,,No
Noble Knight Real Estate Pty Ltd,"19 Campus Gate, Chirnside Park",,,,,,,,,,,,,,,No
Noble Knight Real Estate Pty Ltd,"1A/36 38 Taylors Road, CROYDON, VIC, 3136",,,,,,"1a/36-38 Taylors Road",Croydon,Victoria,3136,Australia,,,,,No
Noble Knight Real Estate Pty Ltd,"2/2 6 North Road, LILYDALE, VIC, 3140",,,,,,,,,,,,,,,No
Noble Knight Real Estate Pty Ltd,"2/20 Miriam Drive, Yarra Glen VIC 3775, Australia",,,,,,2/20 Miriam Drive,Yarra Glen,Victoria,3775,Australia,,,,,No
Noble Knight Real Estate Pty Ltd,"2/205 Gipps Street, Abbotsford",Kim Well,03 9735 5677,04755 575 577,,"rent@nobleknight.com.au",2/205 Gipps Street,Abbotsford,Victoria,3067,Australia,,,,,No
Noble Knight Real Estate Pty Ltd,"2/205 Gipps Street, Abbotsford Victoria 3067, Australia",,,,,,,,,,,,,,,No
Noble Knight Real Estate Pty Ltd,"2/337 Maroondah Highway, HEALESVILLE, VIC, 3777",,,,,,2/337 Maroondah Highway,Healesville,Victoria,3777,Australia,,,,,No
Noble Knight Real Estate Pty Ltd,"2/59 Yarraview Road, YARRA GLEN",,,,,,,,,,,,,,,No
Noble Knight Real Estate Pty Ltd,"2/59 Yarraview Road, YARRA GLEN, VIC, 3775",,,,,,,,,,,,,,,No
Noble Knight Real Estate Pty Ltd,"2/71 Scoresby Road, BAYSWATER, VIC, 3153",,,,,,2/71 Scoresby Road,Bayswater,Victoria,3153,Australia,,,,,No
Noble Knight Real Estate Pty Ltd,"2/81-83 Castella Street",Castella Street Care Team,,0448 035 994,,,"2/81-83 Castella Street",Lilydale,VIC,3140,Australia,,,,,No
Noble Knight Real Estate Pty Ltd,"2/82 Bell Street, YARRA GLEN, VIC, 3775",,,,,,,,,,,,,,,No
Noble Knight Real Estate Pty Ltd,"20 Bristol Court, KILSYTH",,,,,,,,,,,,,,,No
Noble Knight Real Estate Pty Ltd,"20 Treevalley Drive, DONCASTER EAST",,,,,,,,,,,,,,,No
Noble Knight Real Estate Pty Ltd,"239 241 Main Street, LILYDALE, VIC, 3140",,,,,,,,,,,,,,,No
Noble Knight Real Estate Pty Ltd,24 Beresford Road,Melanie & Dylan Jarvis,,0490 685 522; 0493 040 636,,"miss.melj@hotmail.com, dylanjarvis2005@gmail.com",24 Beresford Road,Lilydale,Victoria,3140,Australia,,,,,No
Noble Knight Real Estate Pty Ltd,"25 Cave Hill Industrial Gardens, LILYDALE, VIC, 3140",,,,,,,,,,,,,,,No
Noble Knight Real Estate Pty Ltd,"28 Bambra Street, CROYDON",,,,,,,,,,,,,,,No
Noble Knight Real Estate Pty Ltd,"2E John St, Lilydale",,,,,,2E John Street,Lilydale,Victoria,3140,Australia,,,,,No
Noble Knight Real Estate Pty Ltd,"3/205 Gipps St, Abbotsford, Vic, 3067",,,,,,3/205 Gipps Street,Abbotsford,Victoria,3067,Australia,,,,,No
Noble Knight Real Estate Pty Ltd,3/205 Gipps Street,,,,,,3/205 Gipps Street,Abbotsford,Victoria,3067,Australia,,,,,No
Noble Knight Real Estate Pty Ltd,"3/205 Gipps Street, Abbotsford Victoria 3067, Australia (1)",,,,,,2/205 Gipps Street,Abbotsford,Victoria,3067,Australia,,,,,No
Noble Knight Real Estate Pty Ltd,"3/58 Beresford Rd, Lilydale",,,,,,3/58 Beresford Road,Lilydale,Victoria,3140,Australia,,,,,No
Noble Knight Real Estate Pty Ltd,3/7 Albert Road,,,,,,,,,,,,,,,No
Noble Knight Real Estate Pty Ltd,"3/81-83 Castella Street",Castella Street Care Team,,0448 035 994,,,"u3/81-83 Castella Street",Lilydale,Victoria,3140,Australia,,,,,No
Noble Knight Real Estate Pty Ltd,"3/9 Nicholas Street, Lilydale VIC 3140",Kim Wells,03 9735 5677,0424 787 075,,"rent@nobleknight.com.au",3/9 Nicholas Street,Lilydale,Victoria,3140,Australia,,,,,No
Noble Knight Real Estate Pty Ltd,"3/93 Cave Hill Rd, Lilydale",,,,,,,,,,,,,,,No
Noble Knight Real Estate Pty Ltd,"31 Kidgell St, Lilydale",,,,,,,,,,,,,,,No
Noble Knight Real Estate Pty Ltd,"352 Warburton Highway, WANDIN NORTH, VIC, 3139",,,,,,,,,,,,,,,No
Noble Knight Real Estate Pty Ltd,352 Warburton Hwy,,,,,,352 Warburton Highway,Wandin North,Victoria,3139,Australia,,,,,No
Noble Knight Real Estate Pty Ltd,"36 Hardy Street, Lilydale VIC, Australia",,,,,"commercial@nobleknight.com.au",36 Hardy Street,Lilydale,Victoria,3140,Australia,,,,,No
Noble Knight Real Estate Pty Ltd,"377 Warburton Highway, WANDIN NORTH, VIC 3139",,,,,,377 Warburton Highway,Wandin North,Victoria,3139,Australia,,,,,No
Noble Knight Real Estate Pty Ltd,"3a Farrell Avenue, YARRA GLEN",,,,,,,,,,,,,,,No
Noble Knight Real Estate Pty Ltd,"4 Emary Court, YARRA GLEN",,,,,,4 Emary Court,Yarra Glen,Victoria,3775,Australia,,,,,No
Noble Knight Real Estate Pty Ltd,"4/11 Jules Court, YARRA GLEN",,,,,,,,,,,,,,,No
Noble Knight Real Estate Pty Ltd,"4/13-15 White Street, MARIBYRNONG, VIC, 3032",,,,,,"4/13-15 White Street",Maribyrnong,Victoria,3032,Australia,,,,,No
Noble Knight Real Estate Pty Ltd,"4/14 Stuart Rd, Lilydale",,,,,,,,,,,,,,,No
Noble Knight Real Estate Pty Ltd,"4/205 Gipps Street, ABBOTSFORD, VIC, 3067",,,,,,,,,,,,,,,No
Noble Knight Real Estate Pty Ltd,"4/31 Bonnie View Road, CROYDON NORTH, VIC, 3136",,,,,,4/31 Bonnie View Road,Croydon North,Victoria,3136,Australia,,,,,No
Noble Knight Real Estate Pty Ltd,"4/59 Yarraview Road, YARRA GLEN, VIC, 3775",,,,,,4/59 Yarraview Road,Yarra Glen,Victoria,3775,Australia,,,,,No
Noble Knight Real Estate Pty Ltd,"4/81-83 Castella Street",Castella Street Care Team,,0448 035 994,,,"unit 4/81-83 Castella Street",Lilydale,Victoria,3140,Australia,,,,,No
Noble Knight Real Estate Pty Ltd,"44 Glenwright Avenue, WOORI YALLOCK, VIC, 3139",,,,,,,,,,,,,,,No
Noble Knight Real Estate Pty Ltd,"44 Glenwright Avenue, WOORI YALLOCK, VIC, 3139 (1)",,,,,,44 Glenwright Avenue,Woori Yallock,Victoria,3139,Australia,,,,,No
Noble Knight Real Estate Pty Ltd,"46 Lauriston Drive, COLDSTREAM, VIC, 3770",,,,,,,,,,,,,,,No
Noble Knight Real Estate Pty Ltd,"5 Edward Road, CHIRNSIDE PARK, VIC, 3116",,,,,,,,,,,,,,,No
Noble Knight Real Estate Pty Ltd,"5/14-16 Taylor Street, LILYDALE, VIC, 3140",,,,,,14 Taylor Street,Lilydale,Victoria,3140,Australia,,,,,No
Noble Knight Real Estate Pty Ltd,5/205 Gipps Street,,,,,,,,,,,,,,,No
Noble Knight Real Estate Pty Ltd,5/6 Taylor Street,Matthew Clark,,0409 520 998,,,5/6 Taylor Street,Lilydale,Victoria,3140,Australia,,,,,No
Noble Knight Real Estate Pty Ltd,"5/81-83 Castella Street",Castella Street Care Team,,0448 035 994,,,,,,,,,,,,No
Noble Knight Real Estate Pty Ltd,"5/91 99 Beresford Rd, LILYDALE, VIC, 3140",,,,,,99 Beresford Road,Lilydale,Victoria,3140,Australia,,,,,No
Noble Knight Real Estate Pty Ltd,"53 Main Road, MONBULK, VIC, 3793",,,,,,53 Main Road,Monbulk,Victoria,3793,Australia,,,,,No
Noble Knight Real Estate Pty Ltd,6/278 Springvale Road,Alexander Reeves,,0400 146 682,,,6/278 Springvale Road,Forest Hill,Victoria,3131,Australia,,,,,No
Noble Knight Real Estate Pty Ltd,"6/81-83 Castella Street, LILYDALE, VIC, 3140",Castella Street Care Team,,0448 035 994,,,"6/81-83 Castella Street",Lilydale,Victoria,3140,Australia,,,,,No
Noble Knight Real Estate Pty Ltd,60 Victoria RD,,,,,,60 Victoria Road,Lilydale,Victoria,3140,Australia,,,,,No
Noble Knight Real Estate Pty Ltd,"64 Meadowgate Drive, Chirnside Park",,,,,,,,,,,,,,,No
Noble Knight Real Estate Pty Ltd,"7 Wilsons Lane, LILYDALE, VIC, 3140",,,,,,,,,,,,,,,No
Noble Knight Real Estate Pty Ltd,"701 Steels Creek Road, STEELS CREEK, VIC, 3775",,,,,,,,,,,,,,,No
Noble Knight Real Estate Pty Ltd,71 Esther Crescent,,,,,,71 Esther Crescent,Mooroolbark,Victoria,3138,Australia,,,,,No
Noble Knight Real Estate Pty Ltd,"73 Carronvale Road, MOOROOLBARK",,,,,,73 Carronvale Road,Mooroolbark,Victoria,3138,Australia,,,,,No
Noble Knight Real Estate Pty Ltd,8/278 Springvale Road,,,,,,u8/278 Springvale Road,Springvale,Victoria,3171,Australia,,,,,No
Noble Knight Real Estate Pty Ltd,"81-83 Castella Street",Castella Street Care Team,,0448 035 994,,,"81-83 Castella Street",Lilydale,Victoria,3140,Australia,,,,,No
Noble Knight Real Estate Pty Ltd,"9 Arthurs Road, Chum Creek",,,,,,,,,,,,,,,No
Noble Knight Real Estate Pty Ltd,"Castella St, Lilydale",,,,,,,,,,,,,,,No
Noble Knight Real Estate Pty Ltd,"Gipps St, Hallway",,,,,,205 Gipps Street,Abbotsford,Victoria,3067,Australia,,,,,No
Noble Knight Real Estate Pty Ltd,Noble Knight Real Estate,,,,,,7 Wilsons Lane,Lilydale,Victoria,3140,Australia,02/22,,,Email,No
Noble Knight Real Estate Pty Ltd,Noble Knight Real Estate Pty Ltd,,,,,,"unit 5/81-83 Castella Street",Lilydale,Victoria,3140,Australia,02/07,,,Email,No
Noble Knight Real Estate Pty Ltd,Noble Knight Real Estate Pty Ltd (1),Julie Birchall,03 5797 2500,,,"property@nobleknight.com.au","unit 5/81-83 Castella Street",Lilydale,Victoria,3140,Australia,02/07,,,Email,No
Noble Knight Real Estate Pty Ltd,Noble Knight Real Estate Pty Ltd (2),,,,,,"unit 3/81-83 Castella Street",Lilydale,Victoria,3140,Australia,02/08,,,Email,No
Noble Knight Real Estate Pty Ltd,"Shop 1, 14 Bell Street, YARRA GLEN, VIC, 3775",,,,,"commercial@nobleknight.com.au",,,,,,,,,,No
Noble Knight Real Estate Pty Ltd,U1 14 Stuart Road,,,,,,u1/14 Stuart Road,Lilydale,Victoria,3140,Australia,,,,,No
Noble Knight Real Estate Pty Ltd,U7 246 Main Street,"Olivia Johnson-Armstrong",,0477 505 614,,,246 Main Street,Lilydale,Victoria,3140,Australia,,,,,No
Noble Knight Real Estate Pty Ltd,Unit 1 246 Main Street,,,,,,u1/246 Main Street,Lilydale,Victoria,3140,Australia,,,,,No
Noble Knight Real Estate Pty Ltd,"Unit 1, 46 Beresford Road, LILYDALE, VIC, 3140",,,,,,1 Beresford Road,Lilydale,Victoria,3140,Australia,,,,,No
Noble Knight Real Estate Pty Ltd,"Unit 1, 46 Beresford Road, LILYDALE, VIC, 3140 (1)",,,,,,unit 1/46 Beresford Road,Lilydale,Victoria,3140,Australia,,,,,No
Noble Knight Real Estate Pty Ltd,"Unit 1, 58 Beresford Road, LILYDALE",,,,,,,,,,,,,,,No
Noble Knight Real Estate Pty Ltd,"Unit 1, 93 Cavehill Road, LILYDALE, VIC, 3140",,,,,,unit 1/93 Cave Hill Road,Lilydale,Victoria,3140,Australia,,,,,No
Noble Knight Real Estate Pty Ltd,Unit 2 93 Cavehill Road,Marion Jenkinson,,0421 560 095,,,93 Cave Hill Road,Lilydale,Victoria,3140,Australia,,,,,No
Noble Knight Real Estate Pty Ltd,"Unit 2, 168 Main Street, LILYDALE, VIC, 3140",,,,,,2/168 Main Street,Lilydale,Victoria,3140,Australia,,,,,No
Noble Knight Real Estate Pty Ltd,Unit 2/278 Springvale Road,,,,,,,,,,,,,,,No
Noel Jones Mitcham,"19 Aranga Crescent, Donvale VIC 3111",,,,,,19 Aranga Crescent,Donvale,Victoria,3111,Australia,,,,,No
Noel Jones Mitcham,"2/124 Brunswick Road, MITCHAM VIC 3132",,,,,,2/124 Brunswick Road,Mitcham,Victoria,3132,Australia,,,,,No
Noel Jones Mitcham,"39 Brentwood Drive, Glen Waverley VIC 3150",,,,,,39 Brentwood Drive,Glen Waverley,Victoria,3150,Australia,,,,,No
Noel Jones Mitcham,"60 Esther Crescent, Mooroolbark VIC 3138",,,,,,60 Esther Crescent,Mooroolbark,Victoria,3138,Australia,,,,,No
Noel Jones Real Estate,Arlington Street,Byron Tschuma,,0412 865 698,,"byron.tschuma@noeljones.com.au",3/54 Arlington Street,Ringwood,Victoria,3134,Australia,,,,,No
Noel Jones Ringwood,"Ireland St, Ringwood",Tracey Zhang,,0430941024,,"tracey.zhang@noeljones.com.au",2/22 Ireland Street,Ringwood,Victoria,3134,Australia,,,,,No
North Craft,70 Kinkora Rd Hawthorn,Dan Fuller,,0401 040 659,,"dan@northcraft.com.au",70 Kinkora Road,Hawthorn,Victoria,3122,Australia,,,,,No
North Craft,North Craft,Dan Fuller,,0401 040 659,,"Dan@northcraft.com.au",495 Collins Street,Melbourne,Victoria,3000,Australia,,,,,No
Oak Tree Retirement Villages,Villa 23,,,,,,20 McCormicks Road,Skye,Victoria,3977,Australia,,,,,No
Oak Tree Retirement Villages,Villa 33,,,,,,33/20 McCormicks Road,Skye,Victoria,3977,Australia,,,,,No
Oak Tree Retirement Villages,Villa 33 (1),,,,,,20 McCormicks Road,Skye,Victoria,3977,Australia,,,,,No
Oak Tree Retirement Villages,Villa 35,,,,,,20 McCormicks Road,Skye,Victoria,3977,Australia,,,,,No
Oak Tree Retirement Villages,Villa 5,,,,,,5/20 McCormicks Road,Skye,Victoria,3977,Australia,,,,,No
Oak Tree Retirement Villages,Villa 50,,,,,,20 McCormicks Road,Skye,Victoria,3977,Australia,,,,,No
Odette Maalous,33 Meadowgate Drive,,,,,,,,,,,,,,,No
Oliver,"13 Great Oak Court, Mooroolbark",,,,,,,,,,,,,,,No
ONECOM Property Management,15 Abbott Street Camp Hill,Daniel Cecconello,,0409 234 856,,"daniel.cecconello@onecom.net.au",15 Abbott Street,Camp Hill,Queensland,4152,Australia,,,,,No
ONECOM Property Management,"17-25 Park Ridge Road",Daniel Cecconello,,,,"daniel.cecconello@onecom.net.au","17-25 Park Ridge Road",Park Ridge,Queensland,4125,Australia,,,,,No
ONECOM Property Management,"2-6 Lancewood St",,,,,"daniel.cecconello@onecom.net.au","2-6 Lancewood Street",Park Ridge,Queensland,4125,Australia,,,,,No
ONECOM Property Management,278 Chambers Flat Road Logan Reserve,Daniel Cecconello,,0409 234 856,,"daniel.cecconello@onecom.net.au",278 Chambers Flat Road,Logan Reserve,Queensland,4133,Australia,,,,,No
ONECOM Property Management,48 Kent Street Beenleigh,,,,,,48 Kent Street,Beenleigh,Queensland,4207,Australia,,,,,No
Oscar Wylee,"Oscar Wylee Optometrist - Chirnside Park",,,,,,"626a/239-241 Maroondah Highway",Chirnside Park,Victoria,3116,Australia,,,,,No
Oscar Wylee,"Oscar Wylee Optometrist - Victoria Gardens",Udani Manawadu,,03 7012 1807,,"udani.manawadu@oscarwylee.com",620 Victoria Street,Richmond,Victoria,3121,Australia,,,,,No
Outside Ideas,Vic Uni Footscray Park Campus Getaway,,,,,,104 Ballarat Road,Footscray,Victoria,3011,Australia,,,,,No
Ozland Group,ACAP Melbourne,,,,,,3/222 Bourke Street Mall,Melbourne,Victoria,3004,Australia,,,,,No
Park,"Gateway @Port Melbourne",,,,,,Gateway Court,Port Melbourne,Victoria,3207,Australia,,,,,No
Park,The Park House,,,,,,631 Victoria Street,Richmond,Victoria,3067,Australia,,,,,No
PERFORMANCE ASSET MANAGEMENT MELBOURNE,105/28 Southagte Ave,,,,,,105/28 Southgate Avenue,Southbank,Victoria,3006,Australia,,,,,No
PERFORMANCE ASSET MANAGEMENT MELBOURNE,12 Eckersall St,,,,,,12 Eckersall Street,Brunswick,Victoria,3056,Australia,,,,,No
PERFORMANCE ASSET MANAGEMENT MELBOURNE,3/1 Dumfries Court,,,,,,3/1 Dumfries Court,Glen Waverley,Victoria,3150,Australia,,,,,No
PERFORMANCE ASSET MANAGEMENT MELBOURNE,31 Radiata Street,,,,,,31 Radiata Street,Frankston North,Victoria,3200,Australia,,,,,No
PERFORMANCE ASSET MANAGEMENT MELBOURNE,4/27 Ellphin Grove,,,,,,4/27 Elphin Grove,Hawthorn,Victoria,3122,Australia,,,,,No
PERFORMANCE ASSET MANAGEMENT MELBOURNE,41 Pakington Street,,,,,,41 Pakington Street,St Kilda,Victoria,3182,Australia,,,,,No
PERFORMANCE ASSET MANAGEMENT MELBOURNE,60 Wolverhampton St,Allan Jones,,0421 758 058,,"allanpauljones@gmail.com",60 Wolverhampton Street,Footscray,Victoria,3011,Australia,,,,,No
PERFORMANCE ASSET MANAGEMENT MELBOURNE,"9/17-19 Alpine Grove",,,,,,unit 9/19 Alpine Grove,Pascoe Vale,Victoria,3044,Australia,,,,,No
PERFORMANCE ASSET MANAGEMENT MELBOURNE,Performance Asset Management Melbourne,Laree,,0421 854 104,,"laree@performanceproperty.com.au","unit 9/17-19 Alpine Grove",Pascoe Vale,Victoria,3044,Australia,02/08,,,Email,No
"Perpetual Dynamics - 30 Days",11 Mayfield Avenue,,,,,,11 Mayfield Avenue,Malvern,Victoria,3144,Australia,,,,,No
"Perpetual Dynamics - 30 Days",227 Collins Street,,,,,,227 Collins Street,Melbourne,Victoria,3000,Australia,,,,,No
"Perpetual Dynamics - 30 Days",3 Venice St,,,,,,3 Venice Street,Mentone,Victoria,3194,Australia,,,,,No
"Perpetual Dynamics - 30 Days",31 Edgewater Blvd,,,,,,,,,,,,,,,No
"Perpetual Dynamics - 30 Days","3-5 Fitzroy Street",,,,,,"3-5 Fitzroy Street",St Kilda,Victoria,3182,Australia,,,,,No
"Perpetual Dynamics - 30 Days","388 Bourke St, Melb",,,,,,388 Bourke Street,Melbourne,Victoria,3000,Australia,,,,,No
"Perpetual Dynamics - 30 Days",42 Galena Crescent,,,,,,42 Galena Crescent,Kings Park,Victoria,3021,Australia,,,,,No
"Perpetual Dynamics - 30 Days",51 Little Burke Street,,,,,,,,,,,,,,,No
"Perpetual Dynamics - 30 Days",51/53 Ferguson Street,,,,,,"51-53 Ferguson Street",Williamstown,Victoria,3016,Australia,,,,,No
"Perpetual Dynamics - 30 Days",791 Bourke Road,,,,,,791 Burke Road,Camberwell,Victoria,3124,Australia,,,,,No
"Perpetual Dynamics - 30 Days",9 Domenico Street,,,,,,9 Domenico Street,Doreen,Victoria,3754,Australia,,,,,No
"Perpetual Dynamics - 30 Days",98 Hudson Road,,,,,,,,,,,,,,,No
Peter and Sandy,"9 Westerb rd, Boronia",,,,,,,,,,,,,,,No
Platinum Real Estate,45 Tristania Street,,,,,,45 Tristania Street,Doveton,Victoria,3177,Australia,,,,,No
Polycon Building Prosperity,Al Siraat Secondary College,,,,,,45 Harvest Home Road,Epping,Victoria,3076,Australia,,,,,No
PrecisionTech Building Concepts Pty Ltd,11 Fernly Court,Chris Lang,,,,,11 Fernly Court,Wheelers Hill,Victoria,3150,Australia,02/29,,,,No
Premier Displays,Melbourne QV,,,,,,"QV Melbourne, Swanston Street",Melbourne,Victoria,3000,Australia,,,,,No
Premier Displays,Saba Doncaster,,,,,,shop 1068/619 Doncaster Road,Doncaster,Victoria,3108,Australia,,,,,No
Pribacks Body Corporate,"12A A'Beckett St, Prahran",,,,,,12A Abeckett Street,Prahran,Victoria,3181,Australia,,,,,No
Pribacks Body Corporate,2 Slater St,,,,,"admin@pribackbcs.com.au",2 Slater Street,Melbourne,Victoria,3004,Australia,,,,,No
Pribacks Body Corporate,26 Warleigh Grove Brighton VIC 3186,Lisette,0414 428 386,,,"admin@pribackbcs.com.au",26 Warleigh Grove,Brighton,Victoria,3186,Australia,,,,,No
Pribacks Body Corporate,"88 Tram Road, Doncaster VIC 3108",,,,,"admin@pribackbcs.com.au",88 Tram Road,Doncaster,Victoria,3108,Australia,,,,,No
Ray White Berwick,Hollington,Hannah Bush,(03) 9088 7488,0425 067 775,(03) 9088 7480,"hannah.bush@raywhite.com",21 Hollington Way,Berwick,Victoria,3806,Australia,,,,,No
Resi Body Corporate,449 Station Street,,,,,,449 Station Street,Bonbeach,Victoria,3196,Australia,,,,,No
Residential Indepedence Pty Ltd (1),"1/205 Gipps St, Collingwood",,,,,,1/205 Gipps Street,Collingwood,Victoria,3066,Australia,,,,,No
"Residential Indepedence Pty Ltd, Care of:/ Noble Knight Real Estate Pty Ltd",412 Mountain Hwy,,,,,,2/412 Mountain Highway,Wantirna,Victoria,3152,Australia,,,,,No
RFT Consultancy,"Carbiz - Dandenong South",Tony Koh,1800 887 382,0406 566 797,,"tony.koh@rftc.com.au",12 Nicole Way,Dandenong South,Victoria,3175,Australia,,,,,No
Richmond Casters,"30-36 Kitchen Road, Dandenong South  Victoria  3175",Simon,,,,"simonh@richmondau.com","30-36 Kitchen Road",Dandenong South,Victoria,3175,Australia,,,,,No
Ringwood Retirement Village,"8 Albert St, Ringwood",,,,,,,,,,,,,,,No
Rodney Morley Real Estate,"1/59 Teak St, Caulfield",,,,,,,,,,,,,,,No
Rosin Smyth,90 Hazel Glen Drive Doreen,,,,,,90 Hazel Glen Drive,Doreen,Victoria,3754,Australia,,,,,No
Rosin Smyth,Sorrento,,,,,,"119-121 Ocean Beach Road",Sorrento,Victoria,3943,Australia,,,,,No
Sagar Bulagannawar,81 Fairholme Boulevard,,,,,,81 Fairholme Boulevard,Berwick,Victoria,3806,Australia,,,,,No
Sass Developments,"102 – 104 Gordon Street, Footscray (Childcare Centre).",,,,,,102/104 Gordon Street,Footscray,Victoria,3011,Australia,,,,,No
SCIS Group,Westpac Branch Chirnside Park,,(03) 9722 4700,,,,shop 636/241 Maroondah Highway,Chirnside Park,Victoria,3116,Australia,,,,,No
Select Strata Communities,10 Best Street Fitzroy,Kiel Joseph Cayabyab,(03) 9862 3729,"Nadia - 0402 383 312",,"stephenh@selectsc.com.au",10 Best Street,Fitzroy North,Victoria,3068,Australia,,,,,No
Select Strata Communities,"1-3 Arbor Street, Alphington",,,,,,"1-3 Arbor Street",Alphington,Victoria,3078,Australia,,,,,No
Select Strata Communities,"36-38 Bedford St, Collingwood",Stephen,,0490 751 650,,"stephenh@selectsc.com.au","36-38 Bedford Street",Collingwood,Victoria,3066,Australia,,,,,No
Select Strata Communities,40 Moor Street FITZROY VIC 3065,,,,,,40 Moor Street,Fitzroy,Victoria,3065,Australia,,,,,No
Select Strata Communities,435c Gaffney Street Pascoe Vale VIC,Stephen Hooke,,9862 3729,,,435c Gaffney Street,Pascoe Vale,Victoria,3044,Australia,,,,,No
Select Strata Communities,50 Barkly Street,,,,,,50 Barkly Street,Carlton,Victoria,3053,Australia,,,,,No
Select Strata Communities,"Montmorency - Fence",,0398623700,0400178435,,"lmarulli@selectsc.com.au","101-111 Rattray Road",Montmorency,Victoria,3094,Australia,08/15,,08/20,,No
Select Strata Communities,Select Strata Communities,,,,,,,,,,,02/08,,,Email,No
SGS Logistics,Office,David Gay,0450690393,0402687355,,"david@sgslogistics.com.au",suite 211/202 Jells Road,Wheelers Hill,Victoria,3150,Australia,08/30,,09/15,,No
Shay Conway Interior Design,"1/237 Beach St, Frankston",Shay Conway,,0403 677 655,,"hello@shayconwayinteriordesign.com.au",1/237 Beach Street,Frankston,Victoria,3199,Australia,,,,,No
Simply Better Services Australia (SBSH),"Amplifon - Frankston",,,,,,41 Playne Street,Frankston,Victoria,3199,Australia,,,,,No
SolutionsThree,"Holmwood Aged Care - Healsville",,,,,,"17-23 Lalors Road",Healesville,Victoria,3777,Australia,,,,,No
Sound Bay,Broadmeadows,,,,,,"33-65 King William Street",Broadmeadows,Victoria,3047,Australia,,,,,No
South East Commercial & Industrial PTY LTD,2/6 Viewtech Place,,,,,,,,,,,,,,,No
Squared,Boronia Station,,,,,,Genista Avenue,Boronia,Victoria,3155,Australia,,,,,No
Story House Early Learning,SHEL Ballarat,,,,"Meena.pandey@shel.edu.au","accounts@shel.edu.au",,,,,,,,,,No
Story House Early Learning,SHEL Black Rock,,03 9598 4103,,"blackrock@shel.edu.au","accounts@shel.edu.au",173 Bluff Road,Black Rock,Victoria,3193,Australia,,,,,No
Story House Early Learning,SHEL Bundoora,,03 9466 7814,,"bundoora@shel.edu.au","accounts@shel.edu.au",14 Scholar Drive,Bundoora,Victoria,3083,Australia,,,,,No
Story House Early Learning,SHEL Cheltenham,,03 9553 9974,,"cheltenham@shel.edu.au","accounts@shel.edu.au",337 Bay Road,Cheltenham,Victoria,3192,Australia,,,,,No
Story House Early Learning,SHEL Chirnside Park,,03 7046 1094,,"chirnsidepark@shel.edu.au","accounts@shel.edu.au","11-15 Kimberley Drive",Chirnside Park,Victoria,3116,Australia,,,,,No
Story House Early Learning,SHEL Clyde North,,03 5999 0697,,"clydenorth@shel.edu.au","accounts@shel.edu.au",1 Selandra Boulevard,Clyde North,Victoria,3978,Australia,,,,,No
Story House Early Learning,SHEL Clyde North (Aspen),,03 8751 8068,,"aspen@shel.edu.au","accounts@shel.edu.au","29-35 Rhynhurst Street",Clyde North,Victoria,3978,Australia,,,,,No
Story House Early Learning,SHEL Clyde North (MacKillop),,03 9008 6096,,"mackillopway@shel.edu.au","accounts@shel.edu.au",1 Mackillop Way,Clyde North,Victoria,3978,Australia,,,,,No
Story House Early Learning,SHEL Cranbourne,,03 8790 8484,,"cranbourne@shel.edu.au","accounts@shel.edu.au",29 Universal Way,Cranbourne West,Victoria,3977,Australia,,,,,No
Story House Early Learning,SHEL Dandenong North,,03 7038 0836,,"dandenongnorth@shel.edu.au","accounts@shel.edu.au","1-3 Mulgoa Avenue",Dandenong North,Victoria,3175,Australia,,,,,No
Story House Early Learning,SHEL Diamond Creek (104),,03 9438 2733,,"diamondcreek@shel.edu.au","accounts@shel.edu.au","104-106 Main Hurstbridge Road",Diamond Creek,Victoria,3089,Australia,,,,,No
Story House Early Learning,SHEL Diamond Creek (114),,03 9438 2733,,"diamondcreek@shel.edu.au","accounts@shel.edu.au","114-116 Main Hurstbridge Road",Diamond Creek,Victoria,3089,Australia,,,,,No
Story House Early Learning,SHEL Doreen (1),,03 9071 0277,,"doreen@shel.edu.au","accounts@shel.edu.au",1 Whitford Way,Doreen,Victoria,3754,Australia,,,,,No
Story House Early Learning,SHEL Doreen (2),,,,,"accounts@shel.edu.au",2 Whitford Way,Doreen,Victoria,3754,Australia,,,,,No
Story House Early Learning,SHEL Epping,,03 9408 1586,,"epping@shel.edu.au","accounts@shel.edu.au","Story House Early Learning Epping, 329A Harvest Home Road",Epping,Victoria,3076,Australia,"epping@shel.edu.au",Story House,,,No
Story House Early Learning,SHEL Ferntree Gully,,,,,"accounts@shel.org.au","52-54 Adele Avenue",Ferntree Gully,Victoria,3156,Australia,,,,,No
Story House Early Learning,SHEL Forest Hill,,03 9894 0747,,"foresthill@shel.edu.au","accounts@shel.edu.au",269 Canterbury Road,Forest Hill,Victoria,3131,Australia,,,,,No
Story House Early Learning,SHEL Geelong,,03 5275 7127,,"geelong@shel.edu.au","accounts@shel.edu.au","24-28 Bellnore Drive",Norlane,Victoria,3214,Australia,,,,,No
Story House Early Learning,SHEL Gisborne,,(03) 5420 7888,,"gisborne@shel.edu.au","accounts@shel.edu.au","97-99 Willowbank Road",Gisborne,Victoria,3437,Australia,,,,,No
Story House Early Learning,SHEL Heathmont,,,,,"accounts@shel.edu.au","56-58 Canterbury Road Service Road",Heathmont,Victoria,3135,Australia,,,,,No
Story House Early Learning,SHEL Keilor Downs,,03 9366 4380,,"keilordowns@shel.edu.au","accounts@shel.edu.au",7 Copernicus Way,Keilor Downs,Victoria,3038,Australia,,,,,No
Story House Early Learning,SHEL Kew,,03 9851 6226,,"kew@shel.edu.au","accounts@shel.edu.au",12 Woodlands Avenue,Kew East,Victoria,3102,Australia,,,,,No
Story House Early Learning,SHEL Lara,,03 5282 8876,,"lara@shel.edu.au","accounts@shel.edu.au",,,,,,,,,,No
Story House Early Learning,SHEL Lynbrook,,03 8768 7564,,"lynbrook@shel.edu.au","accounts@shel.edu.au",10 Northey Road,Lynbrook,Victoria,3975,Australia,,,,,No
Story House Early Learning,SHEL Melton,,03 7046 1090,,"melton@shel.edu.au","accounts@shel.edu.au","23-25 O'Neills Road",Melton,Victoria,3337,Australia,,,,,No
Story House Early Learning,SHEL Mernda,,03 9715 2199,,"mernda@shel.edu.au","accounts@shel.edu.au",5 Bent Street,Mernda,Victoria,3754,Australia,,,,,No
Story House Early Learning,SHEL Mt Waverley,,03 9802 5053,,"mtwaverley@shel.edu.au","accounts@shel.edu.au","11-13 Marianne Way",Mount Waverley,Victoria,3149,Australia,,,,,No
Story House Early Learning,SHEL New Gisborne,,(03) 5428 3458,,"newgisborne@shel.edu.au","accounts@shel.edu.au","20-24 Ferrier Road",New Gisborne,Victoria,3438,Australia,,,,,No
Story House Early Learning,SHEL Noble Park,,03 9067 5622,,"noblepark@shel.edu.au","accounts@shel.edu.au","61-63 Chandler Road",Noble Park,Victoria,3174,Australia,,,,,No
Story House Early Learning,SHEL Nunawading,,03 8764 3300,,"nunawading@shel.edu.au","accounts@shel.edu.au","329-331 Springvale Road",Forest Hill,Victoria,3131,Australia,,,,,No
Story House Early Learning,SHEL Pakenham (Thewlis),,,,,"accounts@shel.edu.au",66 Thewlis Road,Pakenham,Victoria,3810,Australia,,,,,No
Story House Early Learning,SHEL Pakenham (Worthington),,03 5941 5540,,"pakenham@shel.edu.au","accounts@shel.edu.au",2 Worthington Boulevard,Pakenham,Victoria,3810,Australia,,,,,No
Story House Early Learning,SHEL Point Cook,,03 9098 0438,,"pointcook@shel.edu.au","accounts@shel.edu.au",8 Parliament Street,Point Cook,Victoria,3030,Australia,,,,,No
Story House Early Learning,SHEL Reservoir,,03 7046 1071,,"reservoir@shel.edu.au","accounts@shel.edu.au",762 Plenty Road,Reservoir,Victoria,3073,Australia,,,,,No
Story House Early Learning,SHEL Springvale South,,03 9540 9479,,"springvalesouth@shel.edu.au","accounts@shel.edu.au","808-814 Heatherton Road",Springvale South,Victoria,3172,Australia,,,,,No
Story House Early Learning,SHEL St Helena,,,,,"accounts@shel.edu.au",47 Calendonia Drive,Eltham North,Victoria,3095,Australia,,,,,No
Story House Early Learning,SHEL Tarneit,,03 9749 6300,,"tarneit@shel.edu.au","accounts@shel.edu.au",414 Derrimut Road,Tarneit,Victoria,3029,Australia,,,,,No
Story House Early Learning,SHEL Telford Park,,03 5367 1230,,"telfordpark@shel.edu.au","accounts@shel.edu.au",269 Halletts Way,Darley,Victoria,3340,Australia,,,,,No
Story House Early Learning,SHEL Warranwood,,03 5562 1289,,"warrnambool@shel.edu.au","accounts@shel.edu.au","232-236 Wonga Road",Warranwood,Victoria,3134,Australia,,,,,No
Strata Community Australia,663 Inkerman Road,,,,,,663 Inkerman Road,Caulfield North,Victoria,3161,Australia,,,,,No
Strata Equity,56 Harp Road Kew VIC 3101,Geneveive Jansz,,8838 1242,,"geneveive.jansz@strataequity.com.au",56 Harp Road,Kew,Victoria,3101,Australia,,,,,No
Strata Perform,6 Burke Court,,,,,,6 Burke Court,Laverton,Victoria,3028,Australia,,,,,No
Stratagised Concepts Group,102 at 1228 Nepean Highway Cheltenham,Ablo Jalloh,3 8459 2193,0430 539 034,,"ablo@stratagised.com.au",102/1228 Nepean Highway,Cheltenham,Victoria,3192,Australia,,Stratagised Concept Group,,,No
Stratagised Concepts Group,1142 Nepean Highway in Highett,,,,,,1142 Nepean Highway,Highett,Victoria,3190,Australia,,,,,No
Stratagised Concepts Group,11A Redan Street St Kilda,Liam Wilson,,,,,,,,,,,,,,No
Stratagised Concepts Group,147 Locksley Road in Eaglemont,Liam Wilson,61 8459 2193,,,"admin@stratagised.com.au",147 Locksley Road,Eaglemont,Victoria,3084,Australia,,,,,No
Stratagised Concepts Group,"44 The Avenue in Balaclava,",,,,,,44 The Avenue,Balaclava,Victoria,3183,Australia,,,,,No
Stratagised Concepts Group,"77-79 Hampshire Road",Liam Wilson,"+61 3 8459 2193",,,"liam@stratagised.com.au","77-79 Hampshire Road",Sunshine,Victoria,3020,Australia,,,,,No
Stratagised Concepts Group,80 Balcombe Road,,,,,,80 Balcombe Road,Mentone,Victoria,3194,Australia,,,,,No
Stratagised Concepts Group,Stratagised Concepts Group,Liam Wilson,03 9225 5230,,,"liam@stratagised.com.au",1228 Nepean Highway,Cheltenham,Victoria,3192,Australia,02/08,,,Email,No
Stratagised Concepts Group,Stratagised Concepts Group (1),Anne Byrne,0418 665,,,"atbyrne@bigpond.net.au",7/16 Saint Leonards Avenue,St Kilda,Victoria,3182,Australia,02/22,,,Email,No
Stratagised Concepts Group,Stratagised Concepts Group (2),Sally Fethers,0403 666 326,,,"sally@metropolisbookshop.com.au",10/14 Saint Leonards Avenue,St Kilda,Victoria,3182,Australia,02/22,,,Email,No
Stratagised Concepts Group,The Village,Dharmesh Patel,,0413 485 175,,"BuildingManager@thevillageoc.com.au","The Village Cheltenham, 1228 Nepean Highway",Cheltenham,Victoria,3192,Australia,,,,,No
Stuart Neil,"L6, 8 Adolph St",,,,,,l6/8 Adolph Street,Richmond,Victoria,3121,Australia,,,,,No
Sulzer Australia Pty Ltd,"334 Boundary Rd, Laverton North",,,,,,334 Boundary Road,Laverton North,Victoria,3026,Australia,,,,,No
TD Landscapes,GS Traralgon,,,,,,,,,,,,,,,No
The Knight,"117 Alexandra Ave, South Yarra",,,,,,117 Alexandra Avenue,South Yarra,Victoria,3141,Australia,,,,,No
The Knight,141 Chapel Street,,,,,,141 Chapel Street,St Kilda,Victoria,3182,Australia,,,,,No
The Knight,26 Tintern Avenue,,,,,,26 Tintern Avenue,Toorak,Victoria,3142,Australia,,,,,No
The Knight,323 Dandenong Rd,,,,,,323 Dandenong Road,Prahran,Victoria,3181,Australia,,,,,No
The Knight,4 Bella Vista Road,,,,,,4 Bella Vista Road,Caulfield North,Victoria,3161,Australia,,,,,No
The Knight,43 Duke Street,,,,,,43 Duke Street,St Kilda,Victoria,3182,Australia,,,,,No
The Knight,"806-808 Warrigal Road",,,,,,"806-808 Warrigal Road",Malvern East,Victoria,3145,Australia,,,,,No
The Knight,Sovereign Manors Crescent,,,,,,Sovereign Manors Crescent,Rowville,Victoria,3178,Australia,,,,,No
The Knight Body Corporate,234 Caroline Springs Blvd,Lloyd Morgan,0398264555,0421984254,,"lmoulton@dbrproperty.com.au",234 Caroline Springs Boulevard,Caroline Springs,Victoria,3023,Australia,,,,,No
The Range Peninsula (Peninsula Lifestyle Retirement Living),Unit 51,,,,,,"51/46 Baxter-Tooradin Road",Baxter,Victoria,3911,Australia,,,,,No
"Tom Forbes - ATG",Victoria Police Academy,,,,,,1 View Mount Road,Glen Waverley,Victoria,3150,Australia,,,,,No
Trademark Renovations,82 Norma Crescent,,,,,,82 Norma Crescent,Knoxfield,Victoria,3180,Australia,,,,,No
TriCare Hayville Retirement Community,ILU 46,,,,,,300 Elgar Road,Box Hill South,Victoria,3128,Australia,,,,,No
TriCare Hayville Retirement Community,Unit 108,,,,,,300 Elgar Road,Box Hill South,Victoria,3128,Australia,,,,,No
TriCare Hayville Retirement Community,Unit 111,,,,,,,,,,,,,,,No
TriCare Hayville Retirement Community,Unit 29,,,,,,,,,,,,,,,No
TriCare Hayville Retirement Community,Unit 33,,,,,,,,,,,,,,,No
TriCare Hayville Retirement Community,Unit 35,,,,,,,,,,,,,,,No
TriCare Hayville Retirement Community,Unit 38,,,,,,300 Elgar Road,Box Hill South,Victoria,3128,Australia,,,,,No
TriCare Hayville Retirement Community,Unit 41,,,,,,,,,,,,,,,No
TriCare Hayville Retirement Community,Unit 56,,,,,,56/300 Elgar Road Service Road,Box Hill North,Victoria,3129,Australia,,,,,No
TriCare Hayville Retirement Community,Unit 60,,,,,,60/300 Elgar Road,Box Hill South,Victoria,3128,Australia,,,,,No
TriCare Hayville Retirement Community,Unit 84,,,,,,300 Elgar Road,Box Hill South,Victoria,3128,Australia,,,,,No
Turnbull Cook Strata Management,11 The Avenue,Sarah Henderson,,0439 470 755,,"shenderson45@gmail.com",11 The Avenue,Balaclava,Victoria,3183,Australia,,,,,No
Turnbull Cook Strata Management,"41-43 Alma Road, St Kilda",Andy,,0419 119 218,,,"41-43 Alma Road",St Kilda,Victoria,3182,Australia,,,,,No
Turnbull Cook Strata Management,"62 Westbury Street, St Kilda East",,,,,,62 Westbury Street,Saint Kilda East,Victoria,3183,Australia,,,,,No
Urban Body Corporate Management,51 Marriott,Manveer Hansra,1300 887 695,,,"manveer@ubcm.com.au",51 Marriott Drive,Keysborough,Victoria,3173,Australia,,,,,No
Valley Village Retirement Community,"112 Stud Rd, Dandenong",,,,,,,,,,,,,,,No
"Vemi - Vandaag & Morgan Pty Ltd",150 Lonsdale St,Franz Garcia,,0412255866,,"franz.garcia@vemi.com.au",3/150 Lonsdale Street,Melbourne,Victoria,3000,Australia,,,,,No
"Vemi - Vandaag & Morgan Pty Ltd",Epic,,,,,,"Epic Melbourne, 1-9 Sackville Street",Collingwood,Victoria,3066,Australia,,,,,No
Verge Projects,"1/16 Duncan Avenue, Boronia",,,,,,6/16 Duncan Avenue,Boronia,Victoria,3155,Australia,,,,,No
Verge Projects,13 Barkly St,,,,,,13 Barkly Street,Camberwell,Victoria,3124,Australia,,,,,No
Verge Projects,26 Fairview Ave,,,,,,,,,,,,,,,No
Verge Projects,333 Dorset Road,,,,,,,,,,,,,,,No
Verge Projects,6/16 Duncan Ave,,,,,,6/16 Duncan Avenue,Boronia,Victoria,3155,Australia,,,,,No
Verge Projects,7 Legon Road,,,,,,7 Legon Road,Oakleigh South,Victoria,3167,Australia,,,,,No
Verge Projects,87 Chadstone Road,,,,,,87 Chadstone Road,Malvern East,Victoria,3145,Australia,,,,,No
Verge Projects,Harris Riad,,,,,,20 Harris Road,Donvale,Victoria,3111,Australia,,,,,No
Verge Projects,Harris Road,,,,,,20 Harris Road,Donvale,Victoria,3111,Australia,,,,,No
Vic Infrastructure,Darling Park Bridge,,,,,,,,,,,,,,,No
Victoria Body Corporate Services,107 Riversdale Road,,,,,,107 Riversdale Road,Hawthorn,Victoria,3122,Australia,,VBCS,,,No
Victoria Body Corporate Services,18 Charnwood Crescent St Kilda,Amanda Scotney,0416 309 652,,,,,,,,,,,,,No
Victoria Body Corporate Services,274 WILLIAMS ROAD,Tonia,0407 961 874,,,,274 Williams Road,Toorak,Victoria,3142,Australia,,,,,No
Victoria Body Corporate Services,43 Williams Rd,,,,,,43 Williams Road,Windsor,Victoria,3181,Australia,,,,,No
Victoria Body Corporate Services,60 GlenHuntly Road,,,,,,"60-66 Glen Huntly Road",Elwood,Victoria,3184,Australia,,VBCS,,,No
Victoria Body Corporate Services,Robe St,Ben Sutton,1800 519 642,,,"bsutton@vbcs.com.au",57 Robe Street,St Kilda,Victoria,3182,Australia,,,,,No
Victorian Children's Clinic,149 Wattletree Road,,,,,,149 Wattletree Road,Malvern,Victoria,3144,Australia,,,,,No
Victorian Children's Clinic,"149 Wattletree Road, Malvern",,,,,,149 Wattletree Road,Malvern,Victoria,3144,Australia,,,,,No
Victorian Children's Clinic,151 Wattletree Road,,,,,,151 Wattletree Road,Malvern,Victoria,3144,Australia,,,,,No
Vish Homes,13 Pepita Crescent,,,,,,13 Pepita Crescent,Manor Lakes,Victoria,3024,Australia,,,,,No
Vish Homes,Lot 1727; 54 Hermosa Drive,,,,,,54 Hermosa Dr,Tarneit,Victoria,3029,Australia,,,,,No
Vish Homes,Lot 530 24 Bagaram Drive,,,,,,lot 530/24 Bagaram Drive,Tarneit,Victoria,3029,Australia,,,,,No
Vision Craft Construction Pty Ltd,"26 Elizabeth Street,",,,,,,shop 1a/26 Elizabeth Street,Melbourne,Victoria,3000,Australia,,,,,No
VMCH Providence Retirement Village,VMCH Shanagolden retirement village,Brendan Fürtner,,0429 147 789,,"brendan.furtner@vmch.com.au",8 Scannell Way,Pakenham,Victoria,3810,Australia,,,,,No
Vogl Walpole Real Estate Agency,Croydon Nth 14 James St,Donna,,0421997827,,,14 James Milne Drive,Croydon North,Victoria,3136,Australia,,,,,No
Walter Group,65 Orlov Street Aintree,Nathan Nguyen,,0424 260 608,,,65 Orlov St,Aintree,Victoria,3336,Australia,,,,,No
Whittles Aus,50 Main Street Croydon,Holli Gordon,9739 9400,,,"Holli.Gordon@whittles.com.au",50 Main Street,Croydon,Victoria,3136,Australia,,Email,,"05/29 - GN",No
Whittles Aus,"7-11 Martin Street, South Melbourne VIC",Amber G,8632 3304,,,"amber.g@whittles.com.au","7-11 Martin Street",South Melbourne,Victoria,3205,Australia,,,,,No
Whittles Bayswater,"1 BARRY STREET, BAYSWATER",,9739 9400,,,"francine.jones@whittles.com.au",,,,,,,BDM,,,No
Whittles Bayswater,"10-12 James St Box Hill",Belinda Patience,03 9739 9405,,,"belinda.patience@whittles.com.au","10-12 James Street",Box Hill,Victoria,3128,Australia,,,,,No
Whittles Bayswater,103 LEWIS ROAD KNOXFIELD,,,,,,103 Lewis Road,Knoxfield,Victoria,3180,Australia,,,,,No
Whittles Bayswater,"1031 WHITEHORSE ROAD, BOX HILL",,,,,,1031 Whitehorse Road,Box Hill,Victoria,3128,Australia,,,,,No
Whittles Bayswater,"107-113 Heatherdale Road",,,,,,,,,,,,,,,No
Whittles Bayswater,"114 Canterbury Road, Kilsyth",Francine Jones,03 9739 9400,,,"francine.jones@whittles.com.au",114 Canterbury Road,Kilsyth South,Victoria,3137,Australia,,Email,,"04/15 - JW",No
Whittles Bayswater,12 Orchard Road,,,,,,12 Orchard Road,Bayswater,Victoria,3153,Australia,,,,,No
Whittles Bayswater,"1-5 James Rc, Croydon",,,,,,"1-5 James Road",Croydon,Victoria,3136,Australia,,,,,No
Whittles Bayswater,"1-5 JAMES ROAD, CROYDON",,,,,,"1-5 James Road",Croydon,Victoria,3136,Australia,,,,,No
Whittles Bayswater,15 Scoresby Road,,,,,,15 Scoresby Road,Bayswater,Victoria,3153,Australia,,,,,No
Whittles Bayswater,"1569 Burwood Highway, Tecoma",,,,,,1569 Burwood Highway,Tecoma,Victoria,3160,Australia,,,,,No
Whittles Bayswater,"16 Macquarie Place, Boronia",Christina,03 8632 3300,,,"info.bayswater@whittles.com.au",,,,,,,,,,No
Whittles Bayswater,160 Warrandyte Road Langwarrin,Brooke ( Owner ),,0424 880 792,,"Brianna.Pamula@whittles.com.au",,,,,,,,,,No
Whittles Bayswater,18 Blackburn Street,,,,,,18 Blackburn Street,Surrey Hills,Victoria,3127,Australia,,,,,No
Whittles Bayswater,"18-20 Burton Court",,,,,,"18-20 Burton Court",Bayswater,Victoria,3153,Australia,,,,,No
Whittles Bayswater,"18-20 Redland Drive",,,,,,"18-20 Redland Drive",Mitcham,Victoria,3132,Australia,,,,,No
Whittles Bayswater,19 Albert Avenue,,,,,,19 Albert Avenue,Boronia,Victoria,3155,Australia,,,,,No
Whittles Bayswater,"19 CAMBRIDGE STREET, BOX HILL",,,,,"accounts.bayswater@whittles.com.au",,,,,,,,,,No
Whittles Bayswater,"2 Chippewa Avenue, Mitcham",,,,,,2 Chippewa Avenue,Mitcham,Victoria,3132,Australia,,,,,No
Whittles Bayswater,2 Gowan Road,,,,,,2 Gowan Road,Mount Waverley,Victoria,3149,Australia,,,,,No
Whittles Bayswater,2 Lace Street,,,,,,2 Lace Street,Dandenong South,Victoria,3175,Australia,,,,,No
Whittles Bayswater,"20 HUNTINGTOWER CRESCENT, MOUNT WAVERLEY",,,,,"francine.jones@whittles.com.au",20 Huntingtower Crescent,Mount Waverley,Victoria,3149,Australia,,,,,No
Whittles Bayswater,"21 BARRY STREET, BAYSWATER",,97399404,,,"francine.jones@whittles.com.au",21 Barry Street,Bayswater,Victoria,3153,Australia,,BDM,,,No
Whittles Bayswater,"2-12 Glen Park Road",,,,,,,,,,,,,,,No
Whittles Bayswater,"23-27 THE CENTREWAY, MOUNT WAVERLEY",Francine,,,,"francine.jones@whittles.com.au",23 Centreway,Mount Waverley,Victoria,3149,Australia,,,,,No
Whittles Bayswater,"2-4 CREEK ROAD, MITCHAM",,,,,,,,,,,,,,,No
Whittles Bayswater,"246 DORSET ROAD, BORONIA",,,,,,246 Dorset Road,Boronia,Victoria,3155,Australia,,,,,No
Whittles Bayswater,"254-300 CANTERBURY ROAD, BAYSWATER",Belinda Patience,,,,"belinda.patience@whittles.com.au","254-300 Canterbury Road",Bayswater North,Victoria,3153,Australia,,,,,No
Whittles Bayswater,"254-300 CANTERBURY ROAD, BAYSWATER (1)",,,,,,"254-300 Canterbury Road",Bayswater North,Victoria,3153,Australia,,,,,No
Whittles Bayswater,"26-38 Karl Court, Bundoora VIC",,,,,,"26-38 Karl Court",Bundoora,Victoria,3083,Australia,,,,,No
Whittles Bayswater,"28 Moralla Ave, Croydon",,,,,,28 Moralla Avenue,Croydon,Victoria,3136,Australia,,,,,No
Whittles Bayswater,317 Dorset Road Boronia,,Brian Sellick ( Tennant ),0407 488 046,,,7/317 Dorset Road,Boronia,Victoria,3155,Australia,,Whittles,,"02/06 - AR",No
Whittles Bayswater,"332-334 South Road",,,,,,"332-334 South Road",Hampton East,Victoria,3188,Australia,,,,,No
Whittles Bayswater,"3-5 HEWISH ROAD, CROYDON",,,,,,"3-5 Hewish Road",Croydon,Victoria,3136,Australia,,,,,No
Whittles Bayswater,"351-353 Mount Dandenong Road","Fabian Fillip-gautier",,0408 456 941,,"rianna.pamula@whittles.com.au","351-353 Mount Dandenong Road",Croydon,Victoria,3136,Australia,,,,,No
Whittles Bayswater,"356 DORSET ROAD, BORONIA",,,,,,356 Dorset Road,Boronia,Victoria,3155,Australia,,,,,No
Whittles Bayswater,"4 Floriston Rd, Boronia",,,,,,4 Floriston Road,Boronia,Victoria,3155,Australia,,,,,No
Whittles Bayswater,4 Starcross Avenue,,,,,,4 Starcross Avenue,Croydon,Victoria,3136,Australia,,,,,No
Whittles Bayswater,421A Glenfern Road,Martin,,0439 490 685,,,421A Glenfern Road,Upwey,Victoria,3158,Australia,,,,,No
Whittles Bayswater,"42-58 Nelson Street",,,,,,"42-58 Nelson Street",Ringwood,Victoria,3134,Australia,,,,,No
Whittles Bayswater,"430 Glenferrie Road, Kooyong VIC, Australia",Belinda Patience,,,,"belinda.patience@whittles.com.au",430 Glenferrie Road,Kooyong,Victoria,3144,Australia,,,,,No
Whittles Bayswater,"43-47 William Street",,,,,,"43-47 William Street",Box Hill,Victoria,3128,Australia,,,,,No
Whittles Bayswater,446 Glenfern Road,,,,,,446 Glenfern Road,Tecoma,Victoria,3160,Australia,,,,,No
Whittles Bayswater,5 Albert Road,,,,,,5 Albert Road,Lilydale,Victoria,3140,Australia,,,,,No
Whittles Bayswater,5 TURBO DRIVE,,,,,,5 Turbo Drive,Bayswater North,Victoria,3153,Australia,,,,,No
Whittles Bayswater,"5/333 Wantirna Rd, Wantirna",,,,,"belinda.patience@whittles.com.au",5/333 Wantirna Road,Wantirna,Victoria,3152,Australia,,,,,No
Whittles Bayswater,"50 Main Street, Croydon",,,,,,50 Main Street,Croydon,Victoria,3136,Australia,,,,,No
Whittles Bayswater,51 BIRMINGHAM Rd,,,,,,51 Birmingham Road,Mount Evelyn,Victoria,3796,Australia,,,,,No
Whittles Bayswater,59 Mount Dandenong Rd,Debra Hodson,9739 9405,,,"debra.hodson@whittles.com.au",59 Mount Dandenong Road,Ringwood East,Victoria,3135,Australia,,Whittles,,"04/28 - JW",No
Whittles Bayswater,"6 - 10 James Road, Croydon",,,,,,"6-10 James Road",Croydon,Victoria,3136,Australia,,,,,No
Whittles Bayswater,6 Davis Street,,,,,,6 Davis Street,Ferntree Gully,Victoria,3156,Australia,,,,,No
Whittles Bayswater,"64 VINTER AVENUE, CROYDON",,,,,,64 Vinter Avenue,Croydon,Victoria,3136,Australia,,,,,No
Whittles Bayswater,664 Mountain Hwy,,,,,,664 Mountain Highway,Bayswater,Victoria,3153,Australia,,,,,No
Whittles Bayswater,"6-7 Nicole Close, Bayswater North",Francine Jones,03 9739 9400,,,"francine.jones@whittles.com.au","6-7 Nicole Close",Bayswater North,Victoria,3153,Australia,,,,,No
Whittles Bayswater,69 Boronia Road,,,,,,69 Boronia Road,Boronia,Victoria,3155,Australia,,,,,No
Whittles Bayswater,718 Burwood Highway,,,,,,718 Burwood Highway,Ferntree Gully,Victoria,3156,Australia,,,,,No
Whittles Bayswater,"78 CROYDON ROAD, CROYDON",,,,,,,,,,,,,,,No
Whittles Bayswater,"8 St Leonards Ave, St Kilda",Belinda Patience,03 9739 9400,,,"belinda.patience@whittles.com.au",8 Saint Leonards Avenue,St Kilda,Victoria,3182,Australia,,,,,No
Whittles Bayswater,"8-10 Blair Street Lilydale",Francine Jones,97399404,,,"francine.jones@whittles.com.au","8-10 Blair Street",Lilydale,Victoria,3140,Australia,,Email,,"06/15 - GN",No
Whittles Bayswater,"85/87 Liverpool Road, Kilsyth VIC",,,,,,85/87 Liverpool Road,Kilsyth,Victoria,3137,Australia,,,,,No
Whittles Bayswater,"9 Hi-Tech Place Rowville",,,,,"francine.jones@whittles.com.au","9 Hi-Tech Place",Rowville,Victoria,3178,Australia,,,,,No
Whittles Bayswater,991 Whitehorse Road,,,,,,991 Whitehorse Road,Box Hill,Victoria,3128,Australia,,,,,No
Whittles Bayswater,"Orchid Ave, Boronia",,,,,,,,,,,,,,,No
Whittles Bayswater,"Shop 2 - 246 Dorset Rd, Boronia",,,,,,,,,,,,,,,No
Whittles Bayswater,Shop 9/163 Boronia Rd Boronia,,,,,,shop 9/163 Boronia Road,Boronia,Victoria,3155,Australia,,,,,No
Whittles Management Services,25 Fitzgerald Street,,,,,,,,,,,,,,,No
Whittles Management Services,"27-29 Bourke Street",,,,,"Laura.Pentland@whittles.com.au","27-29 Bourke Street",Ringwood,Victoria,3134,Australia,,,,,No
Whittles Management Services,Whittles Management Services,,,,,,22 Rutland Road,Box Hill,Victoria,3128,Australia,02/23,,URGENT,Email,No
Wicklow Avenue Medical Centre,Wicklow Avenue Medical Centre,Sue,97251244,0414701926,,"practicemanager@wickmed.com.au","65-67 Wicklow Avenue",Croydon,Victoria,3136,Australia,,,,"21/02 - Acknowledgement Email",No
WILSON COMMERCIAL,"98 Gertrude Street, Fitzroy",,,,,,98 Gertrude Street,Fitzroy,Victoria,3065,Australia,,,,,No
Wintringham,1/64 Carlisle Street St Kilda VIC,Bella Cai,03 9108 1133,,,"bcai@wintringham.org.au",1/64 Carlisle Street,St Kilda,Victoria,3182,Australia,,,,,No
Wintringham,"117/5 Kayak Course, Delahey",Dime Domazetoski,,0439 867 976,,"dimedomazetoski@wintringham.org.au",117/5 Kayak Course,Delahey,Victoria,3037,Australia,,BDM,,,No
Wintringham,"33 Westminster Dr, Avondale Heights",Ron Conn,03 9318 5655,0467 098 494,,"dimedomazetoski@wintringham.org.au",33 Westminster Drive,Avondale Heights,Victoria,3034,Australia,,,,,No
Wintringham,"382 Nepean HWY, Frankston",Dime Domazetoski,,0439 867 976,,"dimedomazetoski@wintringham.org.au",382 Nepean Highway,Frankston,Victoria,3199,Australia,,,,,No
Wintringham,4 Somer Ave Shepparton,Janet Cowles,"5821-0908",,,,4 Somer Avenue,Shepparton,Victoria,3630,Australia,,,,,No
Wintringham,46/5 Kayak Course,Dime Domazetoski,,0439 867 976,,"dimedomazetoski@wintringham.org.au",46/5 Kayak Course,Delahey,Victoria,3037,Australia,,,,,No
Wintringham,Angus Martin House,,,,,,,,,,,,,,,No
Wintringham,Ballarat,,03 9376 1122,0497 201 808,,"jdavison@wintringham.org.au",29 Bradbury Street,Brown Hill,Victoria,3350,Australia,,,,,No
Wintringham,Braeside Office,Khalil Jamaluddin,,0429 185 951,,,77/79 Malcolm Road,Braeside,Victoria,3195,Australia,"kjamaluddin@wintringham.org.au",,,,No
Wintringham,Castlemaine,,03 9376 1122,0497 201 808,,"jdavison@wintringham.org.au",72 Lyttleton Street,Castlemaine,Victoria,3450,Australia,,,,,No
Wintringham,Head Office,John Davison,03 9376 1122,0497 201 808,,"jdavison@wintringham.org.au","287-313 Macaulay Road",North Melbourne,Victoria,3024,Australia,,,,,No
Wintringham,"Highton - Geelong",,03 9376 1122,0497 201 808,,"jdavison@wintringham.org.au",3 Cranwell Court,Highton,Victoria,3216,Australia,,,,,No
Wintringham,Port Melbourne Hostel,Ronald Slegtenhorst Maintenance Officer,,0467 098 494,,,"Wintringham Hostel – Port Melbourne, 79 Swallow Street",Port Melbourne,Victoria,3207,Australia,,,,,No
Wintringham,Ron Conn Nursing Home,,,,,,Westminster Drive,Avondale Heights,Victoria,3034,Australia,,,,,No
Wintringham,Shepparton,,03 9376 1122,0497 201 808,,"jdavison@wintringham.org.au","48-60 Maude Street",Shepparton,Victoria,3630,Australia,,Farbod,,,No
Wintringham,Unit 66/5 Kayak Course,,,,,,unit 66/5 Kayak Course,Delahey,Victoria,3037,Australia,,,,,No
Woodards Camberwell,4 Merton Place,,,,,,4 Merton Place,Albert Park,Victoria,3206,Australia,,,,,No
Woodlands Long Day Care And Kindergarten,Woodlands Boronia,Karen Barr,(03) 8203 2384,0466 270 137,,"Boronia@woodlandelc.com",125 Boronia Road,Boronia,Victoria,3155,Australia,"Boronia@woodlandelc.com",Woodlands,,,No
Woodlands Long Day Care And Kindergarten,Woodlands Roxburgh Park,Karen Barr,(03) 8580 2407,0466 270 137,,"Roxburghpark@woodlandelc.com",205a James Mirams Drive,Roxburgh Park,Victoria,3064,Australia,"Roxburghpark@woodlandelc.com",Woodlands,,,No
Woodlands Long Day Care And Kindergarten,Woodlands St Kilda Road,Karen Barr,(03) 7031 6818,0466 270 137,,"stkilda@woodlands.edu.au","Level 11, 580 St Kilda Rd",Melbourne,Victoria,3004,Australia,"stkilda@woodlands.edu.au",Woodlands,,,No
Woodlands Long Day Care And Kindergarten,Woodlands Sunbury,Karen Barr,(03) 8746 8157,0466 270 137,,"Sunbury@woodlandelc.com","55-57 Macedon Street",Sunbury,Victoria,3429,Australia,"Sunbury@woodlandelc.com",Woodlands,,,No
Woodlands Long Day Care And Kindergarten,Woodlands Sunshine West,Karen Barr,(03) 8580 2438,0466 270 137,,"Sunshinewest@woodlandelc.com",465 Fitzgerald Road,Sunshine West,Victoria,3020,Australia,"Sunshinewest@woodlandelc.com",Woodlands,,,No
Woodlands Long Day Care And Kindergarten,Woodlands Tarneit,Karen Barr,(03) 8764 3336,0466 270 137,,"Tarneit@woodlandelc.com",7/676 Leakes Road,Tarneit,Victoria,3029,Australia,"Tarneit@woodlandelc.com",Woodlands,,,No
Woodlands Long Day Care And Kindergarten,Woodlands Truganina,Karen Barr,(03) 8580 2406,0466 270 137,,"Truganina@woodlandelc.com",341B Forsyth Road,Truganina,Victoria,3029,Australia,"Truganina@woodlandelc.com",Woodlands,,,No
Woodlands Long Day Care And Kindergarten,Woodlands Wallan,Karen Barr,(03) 4705 9516,0466 270 137,,"karen.barr@woodlands.edu.au",35 Queen Street,Wallan,Victoria,3756,Australia,"karen.barr@woodlands.edu.au",Woodlands,,,No
Woodlands Long Day Care And Kindergarten,Woodlands Warragul,Karen Barr,(03) 5644 1119,0466 270 137,,"Warragul@woodlandelc.com",3 Princess Street,Warragul,Victoria,3820,Australia,"Warragul@woodlandelc.com",Woodlands,,,No
Woodlands Long Day Care And Kindergarten,Woodlands Werribee,Karen Barr,(03) 9126 0380,0466 270 137,,"karen.barr@woodlands.edu.au",10 Ballan Road,Werribee,Victoria,3030,Australia,"karen.barr@woodlands.edu.au",Woodlands,,,No
Xiang Wang,14 Elliot Avenue,,,,,,14 Elliott Avenue,Balwyn,Victoria,3103,Australia,,,,,No
Yarra Rangers Kinders,Lancaster Kinder,,03 9726 8398,,,"lancaster.kin@kindergarten.vic.gov.au","31-33 Lancaster Road",Mooroolbark,Victoria,3138,Australia,,,,,No
Yarra Rangers Kinders,Launching Place Preschool,Elisa Forrest,,(03) 5964 6088,,"launching.place.kin@kindergarten.vic.gov.au",1990 Warburton Highway,Launching Place,Victoria,3139,Australia,,,,,No
Yarra Rangers Kinders,Mt Dandenong Kindergarten,Catherine Yeaman,9728 1480,,,"mt.dandenong.kin@kindergarten.vic.gov.au",,,,,,,,,,No
Yarra Ranges Council,"1690 Burwood Hwy, Belgrave",,,,,,1690 Burwood Highway,Belgrave,Victoria,3160,Australia,,,,,No
Yarra Ranges Council,Mooroolbark Library,Julie Weir,03 9294 6549,0419 364 062,,"J.Weir@yarraranges.vic.gov.au",7A Station Street,Mooroolbark,Victoria,3138,Australia,,,,,No
Yarra Ranges Council,"Taco Bill, 184-190 Main Street, Lilydale",,,,,,,,,,,,,,,No
Yarra Ranges Council,"Toilet Block: 1690 Burwood Hwy, Belgrave",,,,,,,,,,,,,,,No
Yarra Ranges Kinders,Coldstream,,,,,,12 Kelso Street,Coldstream,Victoria,3770,Australia,,,,,No
Yarra Ranges Kinders,Head Office,Georgia Tomada,03 9426 0439,,,,"193-195 Main Street",Lilydale,Victoria,3140,Australia,,,,,No
Yarra Ranges Kinders,Montrose Kindergarten,Maddy,,0435 853 999,,,25 Sarah Court,Montrose,Victoria,3765,Australia,,,,,No
Yarra Ranges Kinders,Mooroolbark,Lauren Spratt,9726 8398,,,"lauren.spratt@yrkinders.com","31-33 Lancaster Road",Mooroolbark,Victoria,3138,Australia,,,,,No
Yarra Ranges Kinders,Upwey South,Nicole,9726 0439,,,"upwey.south.kin@yrkinders.com",125 Morris Road,Upwey,Victoria,3158,Australia,,,,,No
Yarra Valley Commercial,Polotix DFO South Wharf,,,,,,20 Convention Centre Place,South Wharf,Victoria,3006,Australia,,,,,No
Yarra Valley Toyota,Croydon,,,,,,33 Hewish Road,Croydon,Victoria,3136,Australia,,,,,No
Yarra Valley Toyota,Lilydale,,,,,,454 Maroondah Highway,Lilydale,Victoria,3140,Australia,,,,,No
YMCA Victoria,"9 Gateway Avenue, Pakenham 3810",Jack Winter,,0412 812 216,,"jack.winter@ymca.org.au",9 Gateway Avenue,Pakenham,Victoria,3810,Australia,"jack.winter@ymca.org.au",,,,No
YMCA Victoria,Epping North Early Learning Centre,Jack Winter,(03) 8371 0520,0412 812 216,,"jack.winter@ymca.org.au",,,,,,,,,,No
YMCA Victoria,Kingswim Clyde North,,,,,,2B Moroak Crescent,Clyde North,Victoria,3978,Australia,,,,,No
YMCA Victoria,Kingswim Derrimut,,(03) 8358 5831,,,,2 Makland Drive,Derrimut,Victoria,3030,Australia,,,,,No
YMCA Victoria,Kingswim Epping,Jack Winter,,0412 812 216,,"jack.winter@ymca.org.au","Kingswim Epping, and, Edgars Road",Epping,Victoria,3076,Australia,,BDM,,,No
YMCA Victoria,Kingswim Mernda,,,,,,62 Breadalbane Avenue,Mernda,Victoria,3754,Australia,,,,,No
YMCA Victoria,Point Cook Early Learning Centre,,,,,,"63-65 Tom Roberts Parade",Point Cook,Victoria,3030,Australia,,,,,No
YMCA Victoria,Tarneit YMCA Early Learning Centre,Jack Winter,,0412 812 216,,"jack.winter@ymca.org.au",53 Mulholland Drive,Tarneit,Victoria,3029,Australia,,,,,No
YMCA Victoria,Taylors Hill Early Learning Centre,Jack Winter,,0412 812 216,,"jack.winter@ymca.org.au",12 Park Lane,Taylors Hill,Victoria,3037,Australia,,,,,No
YMCA Victoria,Wyndham Vale early learning centre,,,,,,1 Paramount Boulevard,Wyndham Vale,Victoria,3024,Australia,,,,,No
YMCA Victoria,YMCA Bendigo,,,,,,45 Mundy Street,Bendigo,Victoria,3550,Australia,,,,,No
YMCA Victoria,YMCA Clyde,,,,,,2A Moroak Crescent,Clyde North,Victoria,3978,Australia,,,,,No
YMCA Victoria,YMCA Cranbourne ELC,Jack Winter,,,,,85 Wheelers Park Drive,Cranbourne North,Victoria,3977,Australia,,,,,No
